DeviceID,TypeofDevice,SoftwareVersion,Patched,ManagementGroupEmail,GroupID
5b38ee51-ee16-4b83-b2a5-b85ba015e0a3,Server,Apple iOS 14,No,robert04@ramos-vasquez.com,19
acf98699-f6a9-4913-a0a6-ffabbecd9d05,Mobile Device,Mozilla Firefox 78,No,weaverjorge@williams-daniels.net,15
0b3836e7-f36b-464c-9133-946e9f02f003,Mobile Device,Adobe Acrobat 2021,Yes,susanstrong@thompson-brown.com,2
656c387c-2ed3-4b61-9afd-3988f8027eab,Mobile Device,Apple iOS 14,No,brownkathryn@cole.com,6
2980c65b-b52c-41a1-86cf-a26e1cecbf01,Mobile Device,Google Chrome 91,Yes,nicholas39@cross-garza.net,15
8d49071e-30b9-4bea-a2c6-0c32b54acc6d,Laptop,Microsoft Windows 11,No,vrobinson@williams.info,4
29838c9e-69ec-42dc-b5b9-01b4ba5f95e7,Server,Apple iOS 14,Yes,hensonjessica@hayes.com,13
842f7298-0947-4489-b9a5-8c90257709f3,Laptop,Microsoft SQL Server 2019,No,josephroberts@owens.com,17
a718ab3c-bc54-4bfa-a085-ffaab4f58c43,Server,Linux Ubuntu 20.04,No,mendezmariah@jones-sanchez.com,12
9f0a536d-0c20-4b8b-be44-e2468715cc91,Server,Cold Fusion 2018,No,brandon13@davis.com,15
2bed109b-4009-4e18-9e0a-5cda6ab96c54,Mobile Device,Linux Ubuntu 20.04,No,millerbrittany@clark.com,7
dac12dd3-14b7-4385-9053-dde86e927801,Mobile Device,Java Platform Java 8,Yes,bmoses@oliver.biz,15
577f3c07-d328-4c96-959f-171d72a49818,Mobile Device,Linux RedHat 8,No,matthewdixon@paul.biz,8
c06e7fae-acd2-4d8c-81de-b4649a7d732e,Laptop,Microsoft Windows 11,Yes,blyons@barrett.net,19
6e7174d2-2728-40d9-91d8-f0e78a84efb6,Mobile Device,Linux Ubuntu 20.04,No,asmith@johnston.com,2
7e188fcf-6933-4184-94e8-9a790c54fbaf,Mobile Device,Apple macOS Big Sur,Yes,igross@jones.org,14
8b2132b6-426d-402f-9d3f-ef3a121f066d,Mobile Device,Microsoft Windows 11,Yes,baileymatthew@jacobs.org,17
6a6d92a2-0ee1-4647-93f7-5b3405d3dcf8,Server,Mozilla Firefox 79,No,diana90@adams.net,13
5fe93681-d332-4df6-95cd-ec8003f1cf58,Server,Mozilla Firefox 78,Yes,michael85@bryan.biz,14
a5c54003-cbef-4edc-9460-687e7640bbba,Laptop,Java Platform Java 8,No,williamsjeffrey@pacheco-lewis.org,9
dcc66541-85d9-440a-9826-110cc18cee7f,Server,Mozilla Firefox 79,Yes,jamiemccoy@smith-wallace.com,20
116aadcf-b5d7-4c7b-b993-6b29dbd90a17,Mobile Device,Microsoft Project 2021,No,tsimpson@barnett-chavez.net,15
45f47fed-9ae5-40fd-8261-efdafee5a2fb,Laptop,Linux Ubuntu 20.04,No,xmorgan@schneider.com,6
1e2efbff-7b03-47b5-a55a-95f73a6ab366,Server,Adobe Acrobat 2022,No,claudiamiranda@jones.net,17
33eda631-cb46-4334-a726-c89d285b3713,Laptop,Java Platform Java 11,Yes,ilucas@herrera.net,14
ccd6ccb6-6bbe-46f7-a1ba-73eea816fb3c,Server,Adobe Acrobat 2021,Yes,joseph06@lyons-jones.com,4
c92da491-32ad-4546-a7e1-78957b7fbc34,Laptop,Adobe Acrobat 2021,Yes,pparker@johnson.com,20
55ebba2b-aad7-47c1-b1f7-47b4851aede7,Laptop,Java Platform Java 11,No,thomasdonald@cardenas-thompson.com,15
06145e78-c987-4d28-af34-e49abdadb5c0,Laptop,Microsoft Office 2019,Yes,morrissydney@turner-reyes.net,15
aff1522d-e12c-4d1f-b5bf-9b14afe8dd41,Laptop,Microsoft SQL Server 2022,No,iwall@ellison.net,11
2de6d5ce-5c24-43af-998e-ae9edb2b0371,Laptop,Microsoft Project 2019,Yes,mary24@johnson.com,12
8b52fceb-85dc-4643-8138-97ea8d8eab90,Laptop,Mozilla Firefox 78,Yes,shanefloyd@joseph.com,6
63b9d31a-e456-4255-93f3-e39af88574c1,Laptop,Apple iOS 15,No,justinstone@wolfe.com,20
77473245-342b-43bf-86d1-707ac2a75ee2,Mobile Device,Mozilla Firefox 79,No,wayne74@schaefer.com,20
4fd16eec-e03b-4f06-838f-8cd270bc8931,Laptop,Apple macOS Big Sur,No,pattersonsergio@gray.com,8
1ce8b928-60ec-4820-a092-ff794c7f0ac7,Mobile Device,Microsoft Project 2019,Yes,phillipsjoseph@rojas-miller.com,20
7efeb97a-ad6f-4129-abb6-998f3ca9dd4f,Laptop,VPN Software v2.0,Yes,edwin53@glass-stuart.info,10
fb6f2289-f9f0-42a6-b8f0-be6382908cbd,Mobile Device,Apple iOS 14,Yes,rebecca07@spencer-vega.com,3
6c06333f-001c-428f-a39a-d7a80aa440b3,Laptop,Google Chrome 90,Yes,cristinasmith@chavez-wolfe.info,8
337ec4a2-7a94-4c09-bdda-2972a7098eed,Laptop,VPN Software v1.0,Yes,debbiesullivan@lucas.com,16
0332515b-ef0c-4248-99b7-e60681c098c4,Mobile Device,Google Chrome 91,Yes,jasonwood@blake-reyes.com,11
10035ea2-6fa1-48cd-99e2-bc4960977d75,Server,Cold Fusion 2021,No,jason57@delgado-rogers.biz,10
dfccb4ab-5640-4083-8665-297d60b1b283,Laptop,Cold Fusion 2018,No,jsmith@floyd.com,15
2e43e763-fb98-4574-b650-d5c583ca8e5f,Server,Microsoft Windows 10,No,timothy02@brock-rice.com,13
936943f7-960d-41bc-a238-6f4460969307,Mobile Device,Microsoft Windows 11,Yes,alison10@boyd-skinner.com,9
5c85fdf4-4119-441f-aaa9-501ccd90556f,Mobile Device,Apple macOS Monterey,Yes,garzakrystal@pearson.com,11
7da60e4a-5205-48f2-8c66-827bc13f3ce1,Laptop,Cold Fusion 2018,No,marcus40@walker.org,12
8353a5d9-78a9-4f4e-b619-bd5547e44ec7,Server,Linux RedHat 8,Yes,scruz@dominguez.biz,12
1fb88944-a438-47da-b0c1-5f1f8ccbe671,Server,Linux Ubuntu 20.04,No,shannonmartinez@thomas-conley.com,18
b93164a8-4ed5-4141-8513-182988504010,Server,Microsoft Windows 10,No,william62@cook-hall.com,3
4d4d605e-9f6d-4a51-b756-359cf4df3c0e,Laptop,Java Platform Java 11,Yes,michellecross@anderson-harrell.com,12
484a2feb-f6b0-4c4a-b10a-9501a6fd8c5d,Mobile Device,VPN Software v2.0,No,johnpeters@hendricks.com,7
90f9c307-763c-4e5e-a306-d1c898e45f5c,Mobile Device,Microsoft Windows 10,No,janicejones@case-ortega.info,1
e229a8e1-fbe4-43dd-88c7-a62d5e02707d,Server,Microsoft Office 2019,No,lfritz@garcia.biz,17
431d9340-1e15-424f-8c94-3a21b2b13b79,Mobile Device,Adobe Acrobat 2021,No,jake76@smith-williams.net,7
e51ab5da-51a5-46c0-9de9-6d674b394a63,Mobile Device,Java Platform Java 8,Yes,robersonaudrey@bruce-stephens.net,20
bddbd2e5-14bc-4a15-8180-31ec286b78cd,Mobile Device,VPN Software v2.0,No,nicholas82@brooks-rogers.info,16
180b13c7-3b17-4f1f-a3a3-457d3dad5519,Mobile Device,Java Platform Java 8,No,jordanmitchell@landry-byrd.com,9
b4a3f257-5630-4b5e-a248-8b08d355f422,Laptop,Apple macOS Monterey,No,sosborn@barnes.com,12
5319f064-d90f-4b78-b2ff-8d42478dca58,Mobile Device,VPN Software v1.0,No,rileyrobert@lewis.com,19
dbd6d253-0406-4112-b040-4e50816e63b5,Mobile Device,Adobe Acrobat 2021,No,randall24@goodman.com,10
996fc730-e30a-44ba-b160-3189273cd3fa,Mobile Device,Apple macOS Monterey,Yes,simondenise@sellers.com,1
802941f4-8daf-4d45-87b4-f13be8d24418,Server,Adobe Acrobat 2021,Yes,tonya60@miller.com,1
80c7b08e-6110-41dc-8709-72fb0e191f8b,Mobile Device,Microsoft Office 2019,Yes,fhawkins@mckenzie.biz,8
f736c34d-c0bc-4382-9713-f73b083a1bfe,Mobile Device,Apple iOS 14,Yes,josephjohnson@estrada.net,1
b11afeb5-172d-44ab-a9d1-1638c66b3c59,Mobile Device,Java Platform Java 8,No,luisbrown@roth.net,5
52694b22-9227-4f40-b149-0092aefeaffd,Server,Cold Fusion 2021,Yes,jtaylor@davis.org,1
1b0e4369-6913-4dfb-911f-7760c95e57c7,Mobile Device,Adobe Acrobat 2021,No,baileycharles@solis-grimes.org,12
58e9ea66-a0c4-4cc9-8b96-3e540512aba0,Laptop,VPN Software v1.0,Yes,ukeller@owens-murray.biz,16
7ccb8db1-150f-4a04-8b31-008376e55b54,Laptop,VPN Software v1.0,Yes,escobarmark@hernandez.com,14
f641a7b6-be53-4b5b-a9ca-ed35c5dc911a,Laptop,Linux RedHat 8,Yes,karen99@ryan.com,12
af5417cd-aa7f-4f28-b61c-8f389cad6fed,Laptop,Microsoft Windows 10,No,bquinn@franklin.com,20
ac90a58f-9c6a-4286-b44f-12f57a8dde6f,Mobile Device,Java Platform Java 11,Yes,nicolejordan@wheeler-miller.net,16
8c9f89c9-596e-46c7-898a-6b4585068ee9,Laptop,Microsoft SQL Server 2022,No,moralesjames@sutton.com,8
ce634407-339e-4d9e-aaf7-cb161ffa3967,Laptop,Mozilla Firefox 79,No,vickimayer@taylor.org,12
f30ab8cd-89cf-44ae-beaa-44200a6be2de,Server,Apple macOS Big Sur,Yes,winterssamantha@santiago.com,7
d97de9a5-f133-4ede-ac06-5c5a29264494,Server,VPN Software v2.0,Yes,eric12@bullock.com,12
ef87f1f8-d847-4d85-ad17-8f8c23a7aec0,Mobile Device,Java Platform Java 11,No,butlersara@jensen.com,11
785272c3-3b86-4d7e-8a0d-7c470d389cfc,Mobile Device,Mozilla Firefox 78,No,amyfischer@cook-fernandez.net,12
2fa2ac45-74fe-4188-a392-66eb57c612b1,Mobile Device,Cold Fusion 2018,No,shaneburch@dennis-dillon.com,17
0f3b4b39-72e3-4f52-b9c3-3c57e4808c04,Laptop,Adobe Acrobat 2021,Yes,mary56@stuart.net,18
91bad56e-8cf0-415d-9901-f159edc42dc2,Server,Mozilla Firefox 79,No,donald17@malone-hernandez.com,11
9e7e0984-3c0b-4a10-864a-39d671657fd3,Laptop,Microsoft Office 2019,Yes,derek68@moore.com,6
ca35d2e9-78a9-4657-91bd-3ec3d864ca7c,Laptop,Microsoft Windows 11,Yes,padillachristopher@maddox.com,14
eebc1716-b619-438b-bbff-42b2aeb4b752,Server,Mozilla Firefox 79,Yes,dana09@jackson-smith.net,5
de50bb84-3c9d-4401-a81c-8d28be1901ad,Laptop,VPN Software v1.0,No,zrangel@reynolds.com,4
39be4c2a-35a9-4107-a50e-66901c48e54e,Server,Google Chrome 91,Yes,crystalrobertson@gray-romero.com,14
5fe04c6d-3fbf-454e-aa13-330e89d0643e,Server,Google Chrome 91,No,xrich@johnson.com,6
5136aa2d-3efe-425b-9df7-680ed3d8c1a6,Laptop,Apple macOS Big Sur,No,kpham@taylor.com,12
a6335d1a-161e-4257-adb8-b4b640bfd8cc,Mobile Device,VPN Software v2.0,Yes,pmoore@richmond.com,11
98fa76ea-ee67-4a68-884b-b2c8fbc3fc1d,Mobile Device,Microsoft Windows 11,No,ijones@kirk.info,19
8a7aea20-5775-43e7-999d-e3be41b45d7a,Mobile Device,Apple macOS Monterey,No,bryangonzalez@smith.net,15
25a36035-4263-4836-99b1-c9e4bbcfa426,Server,Apple iOS 14,No,chavezjennifer@walker-lopez.org,14
37b0ac4a-c6ed-4421-a3be-9ac7dfef1192,Server,Microsoft Office 365,Yes,shannon59@washington-manning.com,6
196bb3bb-93cf-420f-908b-bfbef826c1dc,Mobile Device,Adobe Acrobat 2022,Yes,amber27@castillo.org,19
770c991d-59e9-496f-a4a3-0bafc7dcfa25,Server,Microsoft SQL Server 2019,Yes,michaelwagner@daniel.com,2
b9332ef4-7e56-4162-8d6f-44328898da61,Server,Microsoft SQL Server 2022,No,hmalone@mejia.org,2
3584533c-45e6-40e9-b787-a49eb08088ba,Mobile Device,Java Platform Java 8,No,erusso@webster.com,2
7c1229e9-d6b1-429c-98ab-46c7702c7400,Server,Microsoft Windows 11,Yes,taraayers@haney.net,2
1903a3ec-00f4-4253-81f6-eb20a594a86c,Laptop,Adobe Acrobat 2022,No,pattersontimothy@mitchell-gibson.org,1
f360f058-7ab3-4f4c-a545-b29196082d4c,Mobile Device,Apple iOS 15,Yes,yalvarado@christian-byrd.net,7
f2b39459-b2d8-49bf-b0f6-0067e5d84bce,Mobile Device,Adobe Acrobat 2022,No,brianna14@lopez-hicks.net,2
fc4e931e-eff0-4085-b147-8ed8f1cf76b9,Mobile Device,Adobe Acrobat 2021,No,alexander21@thompson.info,10
52affb06-7f3d-428b-a208-537625b5bdfc,Mobile Device,Microsoft Windows 10,No,rickyyoung@stewart-ryan.com,17
fce5d1d5-ca48-46e4-ad39-a31741cba805,Mobile Device,Microsoft Project 2019,No,kalvarez@ruiz-hughes.com,9
c16f0b34-dbed-4a29-8850-8a5c452cb719,Server,Adobe Acrobat 2021,No,hwells@garza.net,4
abbd1ea6-3684-4a61-b02c-21e27191a4e6,Laptop,Microsoft Project 2019,No,joseph54@mccormick.com,4
958c80a5-195b-49e5-a877-e1f8cc7044a8,Server,Microsoft SQL Server 2022,No,robertprice@miller-berry.com,15
77364fd5-97f6-47ec-a865-c18657b6d33f,Mobile Device,Microsoft Office 365,Yes,bryantbryan@tucker.info,14
b9de42e0-b933-462a-be3b-e14197a53bda,Mobile Device,Microsoft Windows 11,No,rjones@martin.com,19
e2eeff0d-6d39-460a-84ad-34fdb0f18677,Server,Apple macOS Big Sur,Yes,weaverduane@hill.info,3
4bf18b93-ea34-41fb-a97b-0e7de6125b40,Server,Google Chrome 91,No,jenningsjamie@singh-hudson.com,18
c7029c98-953b-457f-a025-7441f0d64a34,Laptop,Apple macOS Big Sur,Yes,joanne94@smith.com,8
9a899034-8b2c-4160-bc43-06c7be205dd2,Laptop,VPN Software v2.0,No,hamiltonjeffrey@jones.com,13
451f4a84-c75e-4575-878d-ee802188e6bd,Laptop,Microsoft Office 365,No,princechristopher@butler.com,6
3b1c1323-5fcc-4d0e-b78a-d0fac6816ec0,Mobile Device,Apple macOS Big Sur,Yes,xgomez@king.com,11
4eda7911-46e1-4d63-b825-be47ce0dd6dc,Laptop,Mozilla Firefox 79,No,rhodesjohn@alexander.com,6
01fe7768-e8ff-4163-88d1-f5e5a156dcd4,Server,Apple macOS Big Sur,Yes,rebecca26@cook.com,10
5534e19d-1509-4f87-9ec8-38fdd77872dc,Server,Apple macOS Monterey,No,sheri27@hall.com,7
4ee9538c-59c7-47fe-b517-d60f26d96650,Laptop,Mozilla Firefox 78,No,ericascott@glenn-deleon.com,2
596c98ea-39f7-4e2e-864b-eb10af37b352,Laptop,Microsoft Office 2019,Yes,arojas@ramos.net,18
72a0e68a-249d-46ed-8e09-063ac82510fd,Laptop,VPN Software v2.0,No,deborahburke@ray.net,3
647b4332-10c0-4adb-9e15-532c2e2fd037,Laptop,Adobe Acrobat 2022,No,nthomas@casey.info,20
0b7b7885-f7a0-41bf-bc6d-d15546b23594,Laptop,Adobe Acrobat 2022,No,tapialisa@oliver.com,1
1c1f750f-870a-4c99-a6a8-f38da51b2520,Server,Java Platform Java 8,Yes,mrichards@hansen-rodriguez.net,3
5cba2c12-d038-4f48-a484-32beb60e5efe,Mobile Device,Microsoft SQL Server 2022,Yes,ubautista@flores.com,1
569e66d6-2ce0-49e6-a641-f6adaf3a40cd,Laptop,Microsoft SQL Server 2022,No,astanton@trevino.com,4
3237add6-4e86-461d-94d4-86b9774827c7,Mobile Device,Adobe Acrobat 2021,Yes,mendozakaitlin@ramos.net,20
41dd2097-6e83-4026-977d-7822f0e2181b,Laptop,Linux Ubuntu 20.04,No,xyates@owens.com,10
3aa09b8d-4fa0-4f31-b83b-ea1b5a3e5922,Server,Microsoft Project 2019,Yes,blake29@boyle-bolton.biz,2
32220371-38b0-4c3c-b639-be31623fd93b,Server,Microsoft Office 2019,Yes,jamesperez@scott.com,11
cbf85ff6-b61a-40a7-958e-50d72a0417e7,Mobile Device,Mozilla Firefox 78,Yes,barbara92@cardenas-stevenson.biz,12
0f137ac9-fae7-4bb8-853d-dd9a4bfba830,Laptop,Java Platform Java 8,No,uhansen@baker.com,20
a8c58463-939e-4c12-b7c2-3c0bd9384ace,Mobile Device,Microsoft Office 365,No,miguelcampbell@carter-zuniga.com,17
483939b4-0efb-4eac-ac55-ae02634aae30,Laptop,Adobe Acrobat 2022,No,brittney44@hodge.net,8
ac656a43-3787-43ab-b51a-da94127bb5a6,Laptop,Apple macOS Big Sur,Yes,brian57@robertson-tucker.org,18
623120bc-3212-482c-8359-ae40b3fb04b9,Mobile Device,Google Chrome 90,No,qturner@guerrero.biz,1
4655ee28-f2fd-407f-aefb-6653c62c6e89,Laptop,Microsoft SQL Server 2022,No,tracey36@snyder.com,9
990c4f3e-caf8-4f31-969c-be10aebad323,Server,VPN Software v1.0,No,dbenson@rowe.com,9
b9278cfb-bc6f-42ae-9be1-30f72db3f6f9,Mobile Device,Cold Fusion 2021,Yes,coxmegan@atkinson.com,12
7bac9c9b-a07f-4ec4-8baa-6f98243f6332,Laptop,Java Platform Java 8,No,swallace@walters.com,18
5296efba-7cb6-4b16-854b-7ea9db7cda85,Mobile Device,Google Chrome 91,Yes,cohenalexandra@downs.net,20
1dc4c6e6-a90c-4d1e-9ae1-94b944a0e45b,Mobile Device,Microsoft Office 365,No,dunnwilliam@peterson.info,5
8bf15b36-970e-4d48-b2ba-8365629fab89,Mobile Device,Adobe Acrobat 2022,Yes,golson@heath-harris.com,1
73257994-b062-4978-b7ac-dd17619bcc44,Laptop,Adobe Acrobat 2021,Yes,yjohnson@sweeney.com,6
9d3aa647-de71-420c-8904-b1f11127f368,Server,Microsoft SQL Server 2022,No,mary55@white-dixon.com,4
99a4f481-2e2d-4528-9b88-b83766c6532a,Server,Microsoft Project 2021,Yes,michelle20@soto-king.com,19
8d7290dd-878b-4647-9caf-b9a0b07794e8,Server,Linux RedHat 8,Yes,shelley49@bradley-smith.com,3
9792600b-13de-4136-b524-ab0f4c655103,Mobile Device,Adobe Acrobat 2022,Yes,baldwinkayla@harding.com,7
c343efb4-cd55-4b90-bcac-9130dc460c20,Server,Apple iOS 15,Yes,mary57@miller.com,14
a7b222f5-d1b2-4014-9292-c692f38fd1b6,Mobile Device,Adobe Acrobat 2021,Yes,pjohnson@howell-black.com,9
6ce24517-0ce6-4778-862b-8819593edfc5,Mobile Device,Apple iOS 14,No,melissahansen@bean-shaw.info,14
f25c3302-20cb-401f-8ae6-2fcbfd6afe94,Laptop,Microsoft Office 2019,Yes,collinsheather@palmer-wolf.com,18
b6dd6f25-d9f3-4519-87d5-d249e829d1b7,Server,Microsoft Windows 11,Yes,ayerstara@fowler.com,4
71961523-b7e4-4a5c-a0a8-2ccb4c1a252e,Mobile Device,Microsoft Windows 10,Yes,iwhitney@klein.info,10
c47a7bf8-34e4-4b91-9c97-b3e72d21653f,Mobile Device,Java Platform Java 8,Yes,matthewholt@munoz-stanley.biz,6
bfa9f262-a52e-4091-a575-f3dc22db0b53,Mobile Device,Microsoft SQL Server 2022,Yes,gonzalezmichael@white-singleton.biz,3
9673c055-d4b4-4c9a-9260-6346ed577f6b,Laptop,Linux RedHat 8,No,thompsoncynthia@king.com,1
d410bdb6-2a7f-4f39-b4a8-895460d6c598,Mobile Device,Cold Fusion 2021,No,harmonmary@kirby-freeman.biz,10
afcfb6af-0446-45a1-996c-42013f33d607,Server,Cold Fusion 2018,Yes,cstein@collier.org,5
e7a79a3a-5e52-46e2-81a6-a07bb9e0176e,Mobile Device,Adobe Acrobat 2022,Yes,brownsamuel@carpenter.com,3
ba7c9511-30a7-4635-975c-3880bccc863a,Laptop,Linux Ubuntu 20.04,Yes,agibbs@reynolds.com,12
9f7a0741-40ca-491c-bddd-8e2dfa4775e7,Mobile Device,Microsoft Project 2021,No,melanie82@houston.com,15
4ebfbe19-8ded-41bc-b3b6-532729c9952e,Laptop,Microsoft Office 2019,No,cooperelizabeth@johnson-baker.com,16
fc410c80-f612-4263-a2c4-c44299b4e387,Mobile Device,Mozilla Firefox 78,Yes,wbrooks@smith-gomez.com,12
eb32f04d-32b6-4a6a-ae31-88c4915cada9,Mobile Device,Microsoft SQL Server 2019,No,awhite@murray.com,11
dce8e47f-fbcc-4f67-bca2-d34f1ac2a0ee,Server,VPN Software v1.0,Yes,carrollanna@navarro.com,20
df02401b-cfcd-4556-af31-7ee336c17118,Server,Apple macOS Monterey,Yes,jeanette14@johnson-adams.com,14
0de101d5-2e56-448f-872e-9b932d275f60,Mobile Device,Apple macOS Monterey,No,martinamanda@brandt.com,10
9d4125b5-c04f-401b-ac0e-52a91d3d3021,Mobile Device,Cold Fusion 2021,No,jacksonortiz@lopez-williams.org,15
697df053-1b97-4aaa-8896-7b2348a16c54,Mobile Device,Cold Fusion 2021,Yes,michelle66@wong.com,20
e376f8ff-fbcd-446c-a448-7c2615ba0e19,Laptop,Java Platform Java 11,Yes,mathew36@nelson-johnson.com,1
7afd20c2-7091-4abe-b96d-51eb86f7b97e,Laptop,VPN Software v1.0,No,jaclyn60@ramos.org,3
7aa0c27c-d3cc-40d7-a4ff-11622e80290f,Mobile Device,Apple macOS Monterey,Yes,reedtammy@anderson.com,8
af92e14a-914c-49b2-ab1f-a7a79e1b8f20,Laptop,Microsoft SQL Server 2022,Yes,amartinez@robertson.net,1
66bfe5ff-1d1d-44c6-b796-e6b4c3f2d76a,Server,Apple macOS Big Sur,No,deannamills@allen.biz,2
a91c0f9a-e4f0-4900-a864-4fd4f5ea68e0,Mobile Device,Microsoft Office 2019,Yes,billycontreras@williams.com,10
5311ab86-c516-4611-a9a4-5997ca0d437c,Server,Adobe Acrobat 2021,No,pnichols@brown.com,13
8ff246dc-e22b-4317-b017-7532011df21a,Laptop,Google Chrome 90,No,vpatel@peterson.com,4
3755d16a-0297-4992-84f9-08f4d24f6435,Server,Mozilla Firefox 79,No,richard82@robinson.com,3
e6bf55db-69ff-491b-a3c9-1f71df6a826c,Laptop,Mozilla Firefox 79,No,justin58@pena.com,18
5be7f610-c4b4-4962-9654-892cbaa63b1b,Server,Cold Fusion 2018,No,richardmedina@brown-parker.org,11
99296f20-060c-4e77-9299-50c244ca30db,Server,Microsoft Office 2019,Yes,loliver@johnston.com,6
92bf6417-1f5f-42b2-af08-49a883b06446,Server,Google Chrome 90,No,toddanderson@harris-hill.com,8
c94f8256-7179-4349-91f5-801b456c7a66,Laptop,Microsoft Project 2021,Yes,michaelroberson@davila-espinoza.com,5
05fbc32e-7566-4fcd-b18f-3e32caa46efe,Mobile Device,Google Chrome 90,Yes,joshua16@wright.biz,12
5b4f99f0-3edf-4957-a5e9-086ef9cab7cc,Server,Adobe Acrobat 2021,Yes,damonsteele@mathews-hayes.com,17
b25e518a-1bf6-46a5-86fd-a1ea8b82aa31,Server,Microsoft Office 2019,No,coopercarrie@howard.net,8
739eee13-1afb-43a2-99d3-d235230ef748,Server,Microsoft Windows 11,Yes,dustin56@oneal.com,12
adaade02-1b35-47e0-aac4-214b878b3526,Laptop,Linux RedHat 8,Yes,austinreynolds@perkins-lee.com,1
a89b3e66-5cb7-47fd-b321-6c6af939a0a7,Server,Linux RedHat 8,No,codybeck@schwartz-bowman.com,18
d433b931-8b50-410a-9fa3-ec7758179473,Server,Microsoft Office 365,Yes,robertskevin@landry-scott.biz,12
09e95f68-8571-4277-91bf-bb4d3f15bb87,Mobile Device,Cold Fusion 2021,Yes,cclark@evans.biz,19
f4d707c0-e7ad-467f-b79f-953dc631bdf4,Laptop,Mozilla Firefox 78,Yes,fvaldez@bean.biz,10
9cb5d9e5-bf3f-43c3-8ce8-2b01c9590786,Mobile Device,Google Chrome 91,Yes,hubbardsierra@foley.com,18
5d73d399-eaa0-4c79-8f82-e8c4f115863d,Server,Microsoft Project 2019,No,mwolfe@gray-jimenez.info,17
2bab386e-a314-4262-8941-c35e7fddf0b2,Server,Apple iOS 15,No,mary61@reese-collins.com,12
fe53ff0a-9ec4-4149-98e6-f50f37af1b29,Server,Mozilla Firefox 78,No,martinezclayton@hughes.com,3
87123a77-0b1f-4570-ba5d-d36cbf090466,Mobile Device,Java Platform Java 11,Yes,victorcrawford@perry.biz,15
c20ef712-5d3c-4d08-8ca1-cc685a248866,Laptop,Microsoft Project 2019,Yes,elizabethcrawford@burns.com,2
bfe6a2e7-8d5f-4560-8151-07c1d9573aaa,Mobile Device,Mozilla Firefox 79,Yes,hayneslindsay@henderson-stephens.com,5
d60a49ed-4bb6-4870-af01-30751ebdda76,Mobile Device,Mozilla Firefox 79,No,jessicaknight@brown-briggs.info,3
d5888539-0275-4649-85d0-2884bc1e70ce,Mobile Device,Microsoft Office 2019,Yes,jamessamantha@strong.biz,6
52fa7daa-9f29-4842-8461-2e88cd6d7425,Laptop,Cold Fusion 2021,Yes,coxsean@horne-ross.com,1
63683129-5563-4a56-8a74-3c956adc0e3d,Laptop,Microsoft Project 2019,Yes,evansamanda@martinez.com,8
18e60e3b-1d83-43c5-8021-b4e71f0ad326,Laptop,Microsoft Project 2021,Yes,etrujillo@king.com,4
d9fe4244-8904-4b2b-936e-9acee50055eb,Laptop,Java Platform Java 8,No,craigcook@jackson-ashley.com,15
1c82e20d-72d0-49ba-bdc5-70648a931c16,Laptop,Microsoft SQL Server 2019,Yes,ofuller@alexander-harris.com,16
f2c9b84b-4a32-4304-876e-def6c1266891,Laptop,Microsoft Windows 11,Yes,melissabarnett@cobb.com,20
67707ba5-d5a8-4951-88cd-6c8985e9ed4f,Laptop,Linux Ubuntu 20.04,Yes,sarah95@fowler.com,16
7a9bdd81-b4b8-4fb6-b766-3592bfd61515,Mobile Device,Linux Ubuntu 20.04,Yes,richard98@rhodes.com,17
1f577c05-75f6-4c24-b2f9-a3dcbfd0625a,Mobile Device,Apple macOS Big Sur,Yes,adriennemcmillan@solomon.com,7
851e7e84-b571-4b48-8ea1-908e3770d916,Server,Apple macOS Big Sur,No,lisayoung@fry.org,5
c1bed4f5-5af8-415d-bac9-e6b32b29cada,Laptop,Apple macOS Big Sur,No,dsmith@wheeler.org,17
dd2a1fed-e209-4c89-9505-4cc06b17206d,Mobile Device,Cold Fusion 2021,No,lawrencesimpson@williamson.com,16
b3059155-d051-4894-9955-45f667b89cf7,Server,Apple macOS Monterey,No,salazartimothy@jenkins-riley.com,2
5679dca3-df3a-41bc-a15d-54a5f5898ada,Mobile Device,Microsoft Project 2019,No,haysbrandon@hayes.com,3
11771969-8e74-4121-b032-15bba1a4e350,Mobile Device,Apple macOS Big Sur,No,janet38@torres-medina.com,9
3897815b-c77b-482c-9c16-b2ecde3292f9,Server,Apple iOS 14,Yes,davidjohns@thompson.info,13
a68fc4ef-0951-4889-af80-4497460e94ec,Laptop,Mozilla Firefox 78,Yes,anthony69@shaw-gray.com,6
472921f4-4aae-485b-aa38-612cb4cd2d47,Laptop,Java Platform Java 8,Yes,michaelsmith@little-collins.com,17
e3ce3e34-baee-4a8a-b3dd-248921788a3a,Mobile Device,Google Chrome 91,Yes,theodore31@jackson-carr.com,2
d2ec39e9-3014-452d-a1c4-e98a3b4eff30,Laptop,Google Chrome 91,Yes,scott67@smith-morris.org,3
726e74a0-8e50-4dbc-95b8-b600f48a1342,Laptop,Adobe Acrobat 2022,No,mccarthybrian@huffman-mclaughlin.net,6
d636fb04-88ff-44f2-abf1-25ab3a3828c6,Laptop,Cold Fusion 2021,No,djuarez@anderson.com,13
02389f52-993a-48d8-8d28-79cba4f16d69,Server,Apple iOS 15,No,jefferybrooks@mcgrath-ray.biz,14
1e747301-4cf0-4941-9954-186e94c58e4e,Mobile Device,Microsoft Project 2019,No,annetteclark@pope-ferguson.net,16
0a540058-3d54-4c8b-8b0a-1c8c6f9d82a4,Laptop,Mozilla Firefox 78,No,fhester@smith.com,15
b2896f29-74c8-4091-bfa7-68f39739f183,Mobile Device,Mozilla Firefox 79,Yes,michaelcohen@moore.info,20
27078988-43b9-4d32-8cb6-06acb331b081,Server,Microsoft Windows 10,Yes,ryan95@estes.com,12
81b2cfdb-29b9-4246-9a62-1c0d57607ddd,Mobile Device,Adobe Acrobat 2022,No,frederickmoran@phillips.com,17
8cfca1b0-7eac-43ad-b72f-b8036bebc3a0,Mobile Device,Apple iOS 15,Yes,weaverdonna@walker-fitzgerald.com,11
c584dbbe-7b7b-436c-bc3f-a7d1ead6a72b,Laptop,Microsoft Office 2019,No,cswanson@lee.com,4
f6f1ef33-37f0-400e-98c4-74aa58eea8b9,Server,Microsoft Windows 11,No,david28@nelson.com,18
5005523c-e0b8-4a66-b366-d0808d274aa0,Server,Microsoft Windows 11,No,jacksonmichael@preston-mejia.org,10
3378a32a-460a-4558-9bec-2d178cb2113d,Mobile Device,Microsoft SQL Server 2022,No,twood@cook.com,19
2c18fe19-cfed-4934-8b9d-3181a8771fbb,Laptop,Microsoft Office 2019,Yes,millerholly@johnson-love.com,7
6e3b209c-128f-4484-9e32-fca6f887b823,Laptop,Google Chrome 90,Yes,burtonjohn@bryant.org,5
da96a6c9-b9e0-4af4-b49b-cb3ce03478c3,Laptop,Apple macOS Big Sur,No,campbelljill@snyder-smith.org,18
9b8c4ffb-bc1e-47c4-868c-68f103e65342,Server,VPN Software v1.0,Yes,rschultz@love-johnson.com,16
0aea4359-e795-46f4-89c5-be357108979f,Laptop,Apple macOS Big Sur,No,tgreen@love.info,7
a9b05afc-592b-4f8a-894e-1e54381e7b5b,Laptop,VPN Software v2.0,Yes,matthew52@evans.biz,13
33382687-338a-4acf-9758-db06c5f0a0d6,Mobile Device,Apple macOS Monterey,No,amandacarter@steele-curtis.com,2
8d1b5215-7dd0-4ec8-a7f2-3c4c85817907,Laptop,Microsoft SQL Server 2019,No,john88@duncan.com,5
fff65548-57fd-4be6-822b-3b9a08bce5df,Laptop,Cold Fusion 2021,Yes,torresandrew@pittman.com,19
343bbd67-8338-412e-9f86-8852ed05e862,Laptop,Java Platform Java 8,No,susanmoore@obrien.com,4
2032463d-df75-4777-9359-aa472033732c,Server,Mozilla Firefox 78,Yes,michaelreid@marshall.com,11
fd6d78d0-7aac-4309-ada1-062bed9b0666,Server,Microsoft SQL Server 2022,Yes,travis04@lane.com,19
a708a637-71fa-41b0-82b0-eed885e3bd99,Laptop,Cold Fusion 2018,No,danielle99@sullivan.com,14
05e1583f-5a9c-4856-b7db-f74888226b00,Server,Apple macOS Big Sur,Yes,petersonjames@castillo.com,14
3450f37b-fe41-44c4-89a6-0fcc10002d11,Server,Java Platform Java 11,No,smithjessica@ellis.org,2
ccb3bdb6-0d0f-479c-8385-d521dbf5e588,Server,VPN Software v1.0,Yes,doughertyshannon@jones.com,3
f56da1f1-67af-4964-b310-42846053c76f,Laptop,Microsoft Project 2021,No,kevin81@harris.com,19
171aad58-98d8-4169-9215-d985bf9ad719,Laptop,Apple macOS Monterey,Yes,gdavis@thornton.net,18
9bc4a7ac-a2ac-49d6-8ece-b797e75ab573,Laptop,Adobe Acrobat 2022,No,michael73@mitchell.com,16
7ca8e606-7b60-45e2-b524-2a77a56b387d,Mobile Device,Apple iOS 14,No,despinoza@morrow.info,14
61753dfe-6f96-4eab-9552-7463ff2e71e4,Laptop,Mozilla Firefox 79,No,jennifergross@baker-winters.net,9
8a2155ae-c32b-4ced-a21d-41a22c0e70e7,Mobile Device,Apple macOS Monterey,No,lynnsmith@combs.org,16
fd6ae323-ae28-44a6-b9ed-918a3ad354a4,Mobile Device,Mozilla Firefox 78,No,penningtonpatricia@hoffman.org,3
0a7bd38c-185c-4b6a-bba9-3221dd6b83ac,Laptop,Microsoft Project 2021,No,caldwellwilliam@floyd.org,14
99c40d8e-6274-4397-b673-8ded00b6d4b7,Laptop,Microsoft Project 2019,No,justin23@adams.org,15
33193854-d75a-4ed5-b56b-bd279ced4ba0,Mobile Device,Google Chrome 91,Yes,jeanette64@huffman-palmer.biz,9
6e5d9e33-29ae-47e6-aadf-307188c9f184,Server,Adobe Acrobat 2021,Yes,snyderlisa@carlson.com,20
783982f3-590c-4a13-8226-2880e88a5740,Laptop,Apple iOS 15,Yes,randerson@church.org,4
623e7449-a6ee-46e6-98e1-8aa02f7b0e85,Mobile Device,Linux RedHat 8,Yes,ericsmith@johnston.com,10
d31ca2b4-5716-465e-a4ce-4bef7e657032,Mobile Device,VPN Software v2.0,No,ccampbell@williams-mejia.biz,6
0c3417a0-679f-4452-98b9-f5dec367997e,Mobile Device,Microsoft SQL Server 2019,Yes,zachary85@perry.biz,7
884007e2-d2a1-4202-a4d4-68bf729fcd00,Mobile Device,Java Platform Java 8,No,nicholas68@curry-medina.org,1
f84d82db-bdc7-48ae-a9d6-4c81fb15fecb,Laptop,Adobe Acrobat 2021,No,adam95@young.com,2
dfc72e3b-f19c-465e-8336-874815748220,Server,Mozilla Firefox 78,Yes,rebecca14@bridges.net,1
9fdfc3db-a771-484d-8ab6-6c21cbcdd531,Laptop,Microsoft Project 2021,No,icarter@griffin.biz,4
7d6c6533-87be-425e-a69c-2998687e4002,Laptop,Adobe Acrobat 2022,Yes,kimberly91@berry.com,16
23bc4fb9-79cb-4b5c-8d49-b7b112b5f4d6,Laptop,Adobe Acrobat 2021,Yes,donald63@osborne.com,8
74663e99-5034-40d9-9c83-3cb75278c4d9,Mobile Device,Linux RedHat 8,No,pattersonariel@boone-williams.com,11
f23596d3-bf56-4796-a99a-a3a56483da89,Laptop,Microsoft SQL Server 2019,No,christopherherring@vance-jacobs.com,9
5db7f217-7d96-403c-923a-cc7dc541d220,Mobile Device,Linux RedHat 8,Yes,millercharlene@morrison.info,18
d220f6e5-ca1a-49e7-bf20-bd90e7ca6231,Server,Cold Fusion 2018,Yes,owilson@ramos-herrera.com,5
aedf0471-6eec-4489-8d60-b4c8c3784704,Server,Microsoft SQL Server 2022,Yes,barronclayton@schaefer.com,13
093c23b7-8a60-423a-90bf-dc4a250bec3d,Mobile Device,Java Platform Java 11,No,vjohnson@bauer-clayton.biz,13
6ec2c75a-ab7b-440f-81a2-aa492fce7b10,Server,Microsoft Office 365,Yes,jesus18@patterson-sanchez.com,4
43951c03-3311-4025-986c-5e02ce9011cd,Server,VPN Software v1.0,Yes,sroberson@foster.com,13
f24b330a-ef96-417c-bff3-578289ac4e95,Laptop,Cold Fusion 2021,Yes,jasminemartin@hines-hartman.org,1
ff918f2f-dc2e-4cb3-a3f3-18fc45f664c4,Server,Google Chrome 91,Yes,tina81@mcdaniel-webster.org,9
329cded6-b71f-4d04-964e-3ea39896fc5f,Laptop,Linux Ubuntu 20.04,No,martinezelizabeth@bentley.com,9
059d8c32-a87c-47cf-ba24-9ddb6088081b,Laptop,Cold Fusion 2018,No,dthompson@snyder-serrano.com,4
afa3e246-7003-435b-bf34-cbbb299cfa0f,Mobile Device,Microsoft SQL Server 2019,Yes,anne01@miller.com,9
ee8e328f-7f5c-4f74-946b-ae493ecc527b,Laptop,Microsoft Project 2019,No,dayala@livingston-nolan.info,16
243e80f3-dd67-4857-91b1-880f253032aa,Mobile Device,VPN Software v2.0,Yes,nharris@jackson.com,18
34528a1f-b843-4e8f-8f88-05255ed5629e,Mobile Device,Adobe Acrobat 2021,No,teresastanley@williamson.com,20
14a8ac03-fb01-4b74-992a-7862eea4c0ba,Mobile Device,Cold Fusion 2021,Yes,riddlelaurie@gallagher.com,3
22382b79-dd0f-4b69-9d45-9b9e6b9f72c2,Laptop,Apple macOS Monterey,No,utaylor@martinez.com,7
0c2f7f01-dd9d-4c20-af33-812914c056d6,Laptop,Microsoft SQL Server 2022,Yes,millerelizabeth@moran-chavez.info,2
d867a9e3-52dd-49f9-98fd-c727a866d85b,Mobile Device,Cold Fusion 2021,Yes,michael10@ortiz.net,20
67c63dcc-1284-4a31-b1c4-133cbd46b388,Server,Microsoft Windows 10,Yes,jesse88@moore.com,17
957df0f1-9959-4a13-b955-39a29436b7f6,Mobile Device,Apple macOS Monterey,No,tim10@wilson.net,11
55a471ba-eabc-49e2-a264-36685be5186a,Server,VPN Software v2.0,Yes,fwelch@collins.com,19
3fc57df8-baf2-422c-8593-cd6d4c69ab12,Laptop,Java Platform Java 11,No,james83@rocha.com,20
b01a0ebc-73de-4a8b-a7c5-c429b218864e,Laptop,Microsoft Project 2019,No,donna72@abbott.biz,7
096c108b-4929-4b7d-95df-eba833864e4f,Mobile Device,Apple macOS Monterey,No,alejandro51@calderon-stevenson.com,10
5dd2523b-ce53-4d6b-8bd1-9746578cec52,Server,Adobe Acrobat 2021,Yes,cummingsvernon@reyes-strickland.com,8
43674996-f37f-4376-ab44-68008534c469,Mobile Device,Microsoft SQL Server 2019,No,fwilkins@dickson.org,13
dd50a4bc-431e-4d30-be93-fb6135b0a598,Server,Mozilla Firefox 79,Yes,lauren26@ramirez.com,15
a7b7a0ee-447b-49a0-9aae-39a6e0dcca30,Mobile Device,Microsoft Office 2019,No,michaelbrooks@banks-waller.com,8
bc380f06-6ba9-4420-ae74-4d5a8b8c877c,Mobile Device,Java Platform Java 11,No,lmarsh@phillips-anderson.com,14
d1028888-29f9-44c1-8298-8e7558196718,Mobile Device,Microsoft Windows 10,Yes,tonyajenkins@pope-james.com,15
e0839c42-5a9e-4127-8094-e98b7f41ff68,Laptop,Mozilla Firefox 79,Yes,irojas@miller-briggs.com,2
9b2ddf8a-c627-4c7e-be52-009439261cae,Laptop,Google Chrome 91,Yes,joseph79@lamb-ortiz.net,13
cc45be12-a005-4a10-9c2d-b6d2c020ad63,Laptop,Linux Ubuntu 20.04,Yes,brandonbishop@spencer-cunningham.com,20
80cc716f-842c-47fb-858d-f76c873166de,Server,Java Platform Java 11,No,johnjimenez@warner.info,17
ebdfd2bf-b6c6-44fa-8f18-56437e96faca,Mobile Device,Microsoft SQL Server 2022,No,heidibray@collins-torres.net,10
2570c3da-1103-43ad-a2d2-b3e93c888c39,Laptop,Linux Ubuntu 20.04,No,hernandezbradley@simpson.com,7
2dad1a67-9c8c-4768-b212-6b714c5d02c6,Laptop,Apple iOS 14,Yes,camposdaniel@clark.com,17
c1865561-e6ab-4098-bc30-5cee5af6a855,Laptop,Adobe Acrobat 2022,Yes,manueltrujillo@ward-reyes.org,18
f8d751b0-b8de-48c6-a920-8724e5c06fdb,Laptop,Google Chrome 90,Yes,garnerbryan@daniels.biz,11
20246393-21c6-4f4a-b2d0-27c8f0a369f2,Mobile Device,Adobe Acrobat 2022,No,michaelgonzalez@carpenter-burke.biz,19
333811cc-530e-4e72-aa17-2c381f8a51b7,Server,Google Chrome 90,No,ivan24@ayala-walker.com,13
acd49476-a4bd-43d0-afea-6cf67425b17e,Mobile Device,VPN Software v1.0,Yes,robert31@ortega.info,9
a153dc47-1673-4269-b16e-016206a14715,Mobile Device,Google Chrome 90,Yes,nelsonmark@greene.com,8
3d527f4a-fa36-4533-aa27-b238cdb7b704,Mobile Device,Microsoft Windows 11,Yes,larsonglenn@rose-grant.info,17
8506f10d-d805-4557-8d76-73f0e65e1784,Laptop,VPN Software v2.0,Yes,destiny74@manning.com,10
2af7e818-0c43-4674-9eb9-6c10d3a6faa7,Laptop,VPN Software v2.0,No,tweaver@bentley.com,11
353eeb26-4e41-4a6d-8e40-47a20484da78,Laptop,Microsoft Office 365,Yes,mark33@pierce-williams.org,10
56d8ba4f-d984-4218-9f9f-a5ee72c90d0b,Server,Microsoft Project 2019,No,william75@knox.com,14
5523f3c8-6758-48c7-8dd6-bef6b9ebdfbb,Laptop,Microsoft Office 365,Yes,kristinmeadows@weaver-kelley.com,20
d9e98640-4025-4e12-a723-7fc7b90ca305,Laptop,VPN Software v1.0,Yes,loganmiller@acosta.com,7
51c6d068-7c0a-4732-bf15-d11178deaac6,Laptop,Microsoft Office 2019,No,george82@martin.com,1
8900be13-8870-41ef-8e60-c3f5e57a3e83,Laptop,Adobe Acrobat 2021,Yes,delgadoamy@barron.com,17
983f4c24-3b76-4118-8375-b57305334d52,Mobile Device,Google Chrome 90,No,davispamela@cannon.com,19
a271032d-cebc-468b-936e-1ae14b3b8b3e,Mobile Device,Java Platform Java 8,Yes,jeffrey42@morales-bailey.com,19
bc17bec0-a18b-4119-8726-8a13a5df58cd,Mobile Device,Apple iOS 15,No,tara23@clay.com,6
6114fde6-70fe-43f7-854e-ece95f862fd8,Laptop,Apple macOS Monterey,Yes,lisa91@jones.com,1
14a24ea8-29c5-44dc-a56b-c1ffa11d3f4b,Mobile Device,Cold Fusion 2018,No,anitahogan@finley.info,17
f60942ec-ab2a-4fd5-a062-3a56d0f63193,Server,Adobe Acrobat 2022,No,boothtiffany@richards.com,7
f2d2e651-10e7-4acc-88e0-d71204db8dc7,Server,Apple iOS 14,Yes,goldenangela@hernandez.biz,18
e41dd667-c461-4f51-abc1-e26040484650,Mobile Device,Java Platform Java 8,No,bryanperez@norton-simmons.info,16
89885a15-d854-465d-b6af-b23492a8ce88,Server,Google Chrome 91,Yes,zlopez@hernandez-evans.biz,16
9c86260c-9481-4368-b29b-038a271e7664,Server,Linux RedHat 8,Yes,daniel89@collier.com,8
e9adbd98-3c55-4765-82e2-2b2a650d8914,Laptop,Apple iOS 15,Yes,rgomez@beasley.net,1
d2f55a2a-6db9-42a8-80b2-dad5cebba945,Laptop,Microsoft Windows 11,Yes,jonesjeffrey@lane.com,3
ba03ccf9-425d-475c-8e74-94d87fdf7176,Mobile Device,Microsoft Project 2021,No,richard94@mcintosh.com,16
be19bc0e-2618-40ec-987c-083db7042848,Laptop,Microsoft SQL Server 2019,No,ronald51@wells.net,7
25cedaf8-2785-43ad-abdb-5582b3ef0261,Server,Microsoft SQL Server 2019,Yes,blankenshipbenjamin@shaw-wright.org,11
adcb3509-c7c2-46d9-b692-16e30a9a2dcd,Mobile Device,Java Platform Java 11,Yes,markhart@davis-noble.info,10
ac96b720-d00b-4f0d-8ee1-da4c59312927,Mobile Device,Mozilla Firefox 78,No,jon16@jordan.net,10
47194877-0b44-40ec-81a9-941c6a3905fa,Server,Microsoft Windows 11,Yes,joseperry@rocha.com,1
0a88c8fa-ff3f-4b52-a2f7-ebff144bb35f,Laptop,VPN Software v2.0,Yes,pdavidson@pena-schwartz.com,5
4c41bf6a-287c-4060-9a94-62e9001f6434,Mobile Device,VPN Software v1.0,Yes,patrick61@ellis.biz,19
da7fc51c-7e55-4452-bf8b-fa52344f31e8,Server,Java Platform Java 11,No,mckenziemendez@black.biz,3
0bc996e3-3f52-4b4e-8f01-78323fe1ab2b,Server,Microsoft SQL Server 2022,Yes,charles69@parsons-powell.com,6
cead07cc-5a80-4184-8d29-a77766ba45d4,Server,Microsoft SQL Server 2022,Yes,sparks@williams-myers.biz,17
d167bb71-1bf9-43ba-8e67-e52adaa934d6,Server,Cold Fusion 2021,No,cramirez@brooks-mendoza.net,11
c4cdfd90-9086-4b75-b48c-4d7621691c03,Server,Microsoft Office 2019,No,vargasjose@robertson.com,17
2cc92c71-0f36-4204-a541-ed819000411a,Laptop,Microsoft Office 365,No,rhoward@cook.com,10
c655894d-241a-45ea-8711-26b66055b750,Laptop,Linux Ubuntu 20.04,Yes,gfowler@leonard-hunter.org,9
ac48e806-e7e7-4483-a99e-6f3d5b74551f,Mobile Device,Microsoft SQL Server 2022,No,barberangela@bennett.com,18
e26e8d31-4cf7-432b-9bac-d7b380c20455,Laptop,Linux Ubuntu 20.04,Yes,crystal90@gilmore-peters.com,20
1ed8de5f-d999-41c3-9491-3b15fbe8a389,Mobile Device,Microsoft SQL Server 2019,Yes,keithkirk@gillespie-freeman.net,8
5a8cdd79-a1d2-409f-b1d5-a64d6325547c,Server,VPN Software v2.0,No,bellcourtney@cook.com,7
a5e38a86-a1b3-49e8-b274-445bd312f44c,Laptop,Java Platform Java 8,Yes,danieljones@harris.com,14
1c93595f-b6ee-4a8b-9937-4b19fc1edf82,Mobile Device,Java Platform Java 8,Yes,amanda69@cox-smith.com,10
13f8bc72-4e2b-4e93-a79c-c74c15855412,Laptop,Microsoft SQL Server 2019,Yes,adrianellis@larsen-clark.com,6
a533cd24-a8a6-4426-8d57-e297c4385705,Laptop,Google Chrome 90,No,qcrawford@carpenter.com,13
71dc3283-a28a-4c73-b9e0-e7a43e4eb518,Mobile Device,Mozilla Firefox 79,No,elizabethcampbell@flores.com,2
9ff695cf-a1d4-4c52-a169-5a1ec5c1b87d,Server,Adobe Acrobat 2022,No,grantlisa@soto.com,6
ac4a80e0-f54e-416e-9b3f-9253bbdef35d,Mobile Device,Microsoft Windows 10,Yes,careyjulie@flores-morse.com,18
1c572a6b-c1a4-4afe-bf65-98d17b74b549,Mobile Device,VPN Software v2.0,Yes,gburch@rowland.com,3
848cce1f-cb03-49b3-936d-aaa897242eca,Mobile Device,Apple iOS 15,Yes,brownkatherine@peters.net,14
861550ef-bbf4-49dc-9956-b4ab011219bd,Server,Cold Fusion 2021,Yes,freilly@olsen-foley.net,20
b4f7d577-4c05-4b1b-9022-f22bfd1318aa,Mobile Device,Microsoft Windows 10,No,todd47@gomez.com,12
3597e9d9-39d7-43f3-9443-4f1f990ac43b,Laptop,Apple macOS Monterey,No,zanderson@reed.com,4
de6ecae9-0e18-4424-a448-bace077d9300,Mobile Device,Microsoft Windows 11,Yes,heather00@molina.com,18
7cc1b29b-4d1d-4c89-9693-af4a7da8792e,Laptop,Apple macOS Big Sur,No,piercedavid@stone.com,2
957a8b41-bd28-46f3-810e-506642fb6820,Laptop,Microsoft Office 2019,No,omcfarland@williams-fry.com,20
4b1e0613-41c0-4798-9a04-194eb4a85420,Server,Google Chrome 91,Yes,kcastro@oneal.net,8
e126a899-339a-44b4-a13c-14c623d5cd20,Laptop,Microsoft Project 2019,Yes,nchandler@contreras-lawrence.info,13
c3e32871-de65-442a-82df-35c78dee8d4b,Laptop,Apple iOS 15,No,james03@phillips.info,19
c00a4833-d672-4b80-a687-26b37b0376ea,Laptop,Mozilla Firefox 78,Yes,melissabaker@hart.com,7
365a570e-14b1-4e3c-b862-b3d0c329ee39,Mobile Device,VPN Software v1.0,No,sarahnewton@patel-walsh.info,15
fc8484b6-a8aa-4218-a749-e864d0ebf12d,Laptop,VPN Software v1.0,Yes,brownjennifer@abbott-marshall.biz,11
85920a96-ffe3-4196-a5ee-0456d87af761,Server,Apple macOS Monterey,No,petersonjennifer@snyder.org,18
b49c7cf1-d9e5-4ddf-80ba-407137d8cc65,Laptop,Microsoft Office 2019,No,kelly33@byrd.biz,19
445d5f0b-e742-43d3-a593-3174768dcb71,Server,Google Chrome 91,Yes,archerjamie@roberson.com,10
ae5fad93-a280-4599-a3fa-387d16bb2a34,Laptop,Cold Fusion 2018,Yes,ericmartin@brown-kelly.org,8
fc85a856-ec97-4cff-8cf2-45c4bd6c91ef,Laptop,Apple iOS 14,Yes,chawkins@mendez.biz,2
07de5239-512c-4acf-aa27-528e93d02ef8,Mobile Device,Apple iOS 15,No,sarah86@wells.com,19
eaf86d4f-1173-42b4-841d-90e0d6495816,Laptop,Java Platform Java 11,Yes,qcarter@porter-jacobs.com,16
00b37836-2c0c-43ca-b9ef-41384fb4c3da,Mobile Device,Mozilla Firefox 78,No,rperez@brock.com,7
57845d35-88f6-4bc0-a286-9c6f300072aa,Laptop,Adobe Acrobat 2022,Yes,spratt@booth-parker.com,7
f17cb8a7-066f-4ab0-a47f-f65be10c3138,Laptop,Apple iOS 15,Yes,hendersonkatherine@lee.com,20
22da8130-2966-42a7-b431-e1b98816a132,Server,Microsoft SQL Server 2022,Yes,michael28@dalton.org,7
11824ef1-bc11-42db-9761-04bb4fb4082c,Server,Java Platform Java 11,No,jacqueline60@reyes.info,18
85176c85-6003-4c59-bbe7-b72e7147f3c9,Laptop,Java Platform Java 8,No,ecisneros@jones.com,4
0f718f14-fa3b-42ee-8d07-31b6b6e77937,Server,Microsoft Office 365,Yes,kathyrose@vasquez.net,7
3b1f77b5-d6b9-4679-b6cf-a1e6ade773f2,Laptop,Mozilla Firefox 78,Yes,johnwilliams@huynh.com,13
4bfb77c6-018b-4982-915b-d783ee079468,Laptop,Adobe Acrobat 2021,No,christina00@shea.info,4
d1997e8e-77ce-41d6-9b5c-0052d45ff3ac,Server,Apple iOS 14,Yes,jenniferwarren@henderson-king.com,9
05f15759-c43d-42bc-a026-0e331b922453,Mobile Device,Microsoft Project 2021,No,baileysusan@parrish.net,15
65f20ee6-6448-4273-be3d-3f55bc27f4eb,Mobile Device,Java Platform Java 8,No,kathy05@miller.net,3
513cb8fa-4f8f-40d0-b850-fd01e0d73669,Mobile Device,VPN Software v2.0,No,lisa41@smith.info,17
9f6b1634-cf56-4081-aac3-45e9cb55c429,Laptop,Microsoft SQL Server 2019,Yes,ssantiago@love.com,18
71262d77-aa61-46a0-b614-3808057b7ab0,Laptop,Cold Fusion 2018,Yes,howellhector@campbell-patel.com,18
4d443ddd-3665-48fd-88a9-101146f42d65,Mobile Device,Microsoft Windows 11,Yes,fordashley@jones.com,2
2b0712c0-c88a-45d5-a15e-dc2d1a61a5b0,Laptop,VPN Software v2.0,No,sawyerroger@smith-woods.com,5
4c46f4c9-d5bd-433a-bf97-f07716c54404,Laptop,Linux Ubuntu 20.04,No,kaitlyn57@pena-hernandez.com,6
124222d5-e4b6-4236-af3b-60f7a5fd152a,Server,Microsoft Office 365,No,jasminevillegas@rogers-doyle.com,10
3ef18505-081d-464b-b2b9-6a408a1f5f92,Server,Google Chrome 90,No,frenchrachel@colon-gutierrez.com,5
d7ece41c-fa0e-4896-abfd-5150f558cc83,Server,Google Chrome 91,No,uflores@leon.com,4
23c90309-4af6-4b03-9ea5-987bd6844a99,Mobile Device,VPN Software v2.0,No,weavermichael@burns.com,10
a8dd9310-a846-4c16-9c1c-2ae6e8fd2f84,Mobile Device,Google Chrome 90,No,williambrady@mcdaniel.biz,13
18da835e-d45d-4447-8280-f46f75a47460,Server,Microsoft Project 2021,Yes,donald10@lopez-roberts.com,17
88300360-83fa-4fe7-b799-a6bc0b2ab55b,Laptop,Microsoft Office 365,Yes,daniel70@flynn-jones.com,3
1610a890-102b-4f4a-b426-affc92439e7f,Server,Linux RedHat 8,No,teresa91@dean.biz,6
91183a85-6386-4aba-990b-ed7e44e31f6c,Laptop,Linux RedHat 8,Yes,sparkstodd@phillips-hawkins.com,12
d830dc6f-d652-4953-b57c-b3c21c7a18f3,Mobile Device,Linux RedHat 8,No,jacqueline06@griffith.net,5
78133e49-f8fb-4cff-a00a-c5c24005d0be,Mobile Device,Microsoft Project 2019,Yes,qmyers@bridges.net,6
8be57777-4b12-4001-89b7-02a7d88c2cee,Laptop,Mozilla Firefox 79,No,marydawson@patterson.com,18
c1174d9f-bfbf-4b68-9b19-2e49319d9b96,Server,Google Chrome 90,Yes,daniel27@taylor.info,12
fe830cc5-bcca-4aa9-be08-956055465a32,Server,Microsoft SQL Server 2022,Yes,christopherhayden@escobar.com,20
81f8dbb8-090c-43d7-9e69-22e404c729ae,Mobile Device,Apple macOS Monterey,No,eric98@massey-jones.net,19
b944378f-d4ef-4de6-bea6-8d9960e0a5a0,Server,Java Platform Java 11,Yes,mendozaalex@mccoy.com,2
be6e813a-8932-4c0b-a4db-37e7d37eb5cc,Laptop,Microsoft Windows 10,Yes,barbara60@ramirez.com,19
23f733b7-7f5d-4350-84fb-d691d11ec1fc,Mobile Device,Microsoft Windows 10,Yes,uaguilar@davis.com,6
444cb6e6-55c9-4664-97ca-a67ca8da164a,Mobile Device,Apple macOS Big Sur,No,msalazar@rodriguez.com,6
dde23d05-ce5e-4b64-9132-6d3790419bfb,Laptop,Apple macOS Big Sur,No,andrewrobinson@cooper.com,9
5fa77464-3413-4611-890a-6416e0488c16,Mobile Device,Java Platform Java 11,Yes,frenchchristopher@gomez.com,1
750f0a5e-3834-495b-a57d-0d6a6f901df5,Laptop,Mozilla Firefox 79,Yes,emiller@lee.org,15
eb1f34ac-f48e-45d8-8488-bc44c1b73810,Laptop,Linux Ubuntu 20.04,No,grimespatricia@robbins.com,2
3b82e0d3-2b55-4a7b-af54-25ee3e094b43,Laptop,Mozilla Firefox 79,No,christinefarrell@becker-smith.com,9
8c0f0cad-747f-4196-a799-649fd06bddbc,Mobile Device,Mozilla Firefox 78,No,paulking@bishop.com,16
bfc5e1f7-acfc-4b74-9b88-a380b923da1a,Mobile Device,Apple macOS Big Sur,Yes,nmiller@smith.info,16
6b49de92-46bd-4178-91cf-70c5096794c5,Server,Linux Ubuntu 20.04,Yes,bethwalters@lopez.com,16
c867c168-5edf-46f5-a211-274e45f67d73,Server,Adobe Acrobat 2021,No,kanderson@rivera.biz,12
809a816f-4abc-4f77-833b-c9178b71191b,Mobile Device,Linux RedHat 8,Yes,fwalker@lee-mckinney.com,10
93ce65ac-7aa7-4538-84b5-976589378852,Mobile Device,Linux Ubuntu 20.04,No,acole@carter-nielsen.biz,18
96d0cf01-5013-4df2-8aa8-d3b920cca9fb,Mobile Device,Cold Fusion 2021,No,anthonyjohnson@bradley-griffin.com,19
f08c08e1-a56f-4528-9b00-64e8f0ef1301,Mobile Device,Linux Ubuntu 20.04,No,drodriguez@conner-briggs.net,11
c7463557-71c9-4415-89e9-b4241219174b,Laptop,Java Platform Java 11,Yes,marcusdavis@williams-newton.com,13
0106809f-b5cc-4360-a684-de58e66b40c9,Mobile Device,Apple iOS 15,No,lhuang@moore.info,4
cb60d9b8-a9c7-40c4-bd27-613d5fa1844b,Laptop,Linux RedHat 8,Yes,april28@pope-walton.biz,7
fb7cfe7b-3361-4943-aee1-020df1c804d5,Laptop,Cold Fusion 2018,No,jray@mcmillan-scott.biz,12
290bab5d-f951-4c46-bf47-642ac11858e9,Laptop,Java Platform Java 8,No,tammymosley@barrera.com,8
ca3a38fb-6aac-4efc-9351-f06e8602a63a,Laptop,Adobe Acrobat 2021,No,hyu@martinez.com,1
acc00e1f-e1b4-494b-bbd9-ccc76fa653c6,Server,Microsoft Windows 10,No,gallagherdonald@thompson.com,4
56375540-5235-4af8-81d4-0d10019c1e06,Laptop,Apple macOS Monterey,No,dbeck@preston-smith.info,2
53587efb-2215-4670-b907-46b91019300b,Server,Google Chrome 91,Yes,yfreeman@kerr.biz,12
c1a5c95c-9e07-4354-9e76-f5d658b4c00b,Server,Apple iOS 15,Yes,daniel03@gonzalez.com,1
ab7cec99-736a-450e-a0cc-84d1821f1f46,Mobile Device,Apple iOS 14,No,meagan18@adkins.com,6
15f11b85-1832-4841-8f77-4900f4b6b70f,Server,Cold Fusion 2018,No,hdavis@gibbs.com,8
e06f305c-afef-4f1f-a2ba-f2dabc6cbd02,Mobile Device,Microsoft SQL Server 2019,No,juarezstephanie@lloyd.com,9
50209f3b-d1f3-4275-b9a5-4a1604083e04,Mobile Device,Google Chrome 91,No,barrettmadeline@pierce-wallace.com,13
087de304-95b7-4b41-a556-505b85000ca5,Laptop,Apple iOS 14,No,flemingrobert@jackson.com,8
ac724f0a-62a3-4581-a892-daad1bc9d9c6,Mobile Device,Microsoft SQL Server 2022,Yes,megan70@costa.net,10
e1842a36-cf42-49dc-afa8-83c55587fa4b,Laptop,VPN Software v1.0,No,rothjody@salas.com,9
b5ce8313-6917-47a6-a8f1-c69a72f3989c,Server,Google Chrome 90,Yes,gonzalezchristine@pitts.com,16
92701ece-f64a-4fba-b8c5-65a02c816c11,Laptop,Microsoft SQL Server 2022,No,nleblanc@mcintosh.info,17
01456747-0704-46f6-b88b-91b0b289bead,Server,Linux Ubuntu 20.04,No,lisamoore@daniels-small.biz,4
09fe0fa4-c47d-41f0-b29a-d1e8996aa5f8,Laptop,Google Chrome 91,Yes,cherylnelson@johnson.com,11
ab99437d-cc21-4480-bc0e-05541341f982,Mobile Device,Google Chrome 90,No,angela00@taylor-castaneda.com,2
bf9e65e6-c301-4752-8ccc-25ba09ce74fb,Laptop,Java Platform Java 8,Yes,schwartzchelsea@clark-davis.org,1
c5033fc2-be34-4fc9-b9ea-4dc541f4ef67,Laptop,Adobe Acrobat 2021,No,daniel01@wagner.com,4
7524fa0c-e77c-44b4-bcfd-72c31cc1d88f,Laptop,Microsoft SQL Server 2019,No,xowens@chavez.com,14
1969aefb-ea71-45a8-8c87-0e19edb4fca4,Server,Google Chrome 91,Yes,dale75@murphy-bennett.com,3
40d7d5d9-d30c-4aa6-9003-d365e37c648e,Mobile Device,Adobe Acrobat 2021,Yes,scottmontoya@jones-maddox.net,17
f547aa7b-ed67-46d2-b607-11ad07b69537,Server,Microsoft Windows 10,Yes,wheelerkarl@campbell.biz,14
300f5041-4bba-4152-97ca-da42c733df76,Laptop,Linux RedHat 8,No,jstewart@reyes-reid.com,15
360b5c1c-9c56-4ac3-aff0-3e5febac8270,Laptop,Microsoft Windows 11,Yes,erica69@hardy.biz,14
b90cb632-4d97-4164-8339-8bca1dadbb5a,Laptop,Microsoft Project 2019,Yes,miranda09@tucker-park.com,7
7c60bae1-2e94-427b-bc3c-3e55bdd5e8ff,Laptop,Microsoft Project 2019,No,barajasdavid@foster.com,4
d6bf4a82-090b-4843-96f2-b7a94da2d3c8,Laptop,VPN Software v2.0,Yes,mitchellshawn@dawson.com,8
429059c4-5906-4def-ade1-7333b5076356,Mobile Device,VPN Software v2.0,No,bondnatalie@johnson.com,16
c2895e9a-2d4f-4b99-8113-caf6904baf21,Server,Microsoft Windows 11,No,gjackson@hughes.com,4
e7abebea-d011-46f5-996e-bfd42e435593,Server,Apple macOS Monterey,No,erin59@williams.com,19
1b6ba596-ba8c-4839-b98d-ec75002fdfb3,Laptop,Apple iOS 14,Yes,kdoyle@butler.com,19
9da63c04-2a64-4de2-bf5d-93b6f31cce33,Laptop,Cold Fusion 2021,No,patricia64@caldwell-flowers.biz,18
e04e43d1-8fd3-49a2-99eb-7c85fdba90f0,Server,Java Platform Java 11,Yes,davisjoseph@horne.com,3
639ad18a-4471-4a70-8f01-23324d1d7d79,Server,Apple macOS Monterey,No,heatherquinn@parker.com,6
0d59f823-2250-4b9c-8010-432c8321d4ec,Server,Adobe Acrobat 2021,Yes,patrickhubbard@garza-patton.com,14
6b0973d5-567f-4265-842c-52097a96650a,Mobile Device,Microsoft Office 365,No,justinnewman@anderson.info,1
8c922564-af14-4169-9f5e-eda6e85181c0,Server,Java Platform Java 11,No,zwilliams@manning-murray.com,15
da58461b-f0f4-45e6-bbb0-ccb385ec0638,Mobile Device,Microsoft Project 2021,No,porterhannah@keller.com,8
ed0d08f4-6624-4bf7-b458-c941b5a4eda8,Mobile Device,Adobe Acrobat 2022,Yes,amanda20@erickson.net,12
290fdaf6-8099-4ffc-a763-51f0455b6647,Mobile Device,Linux RedHat 8,Yes,josephgomez@velasquez.com,13
de62c79b-516f-494e-9890-ac526c078ecf,Server,Microsoft Windows 11,No,lewisrichard@morales-bell.net,10
47d48bf0-1155-4b83-9e0a-6e3e87192786,Mobile Device,Java Platform Java 11,No,kmaxwell@todd-knox.biz,15
dc1318b9-89c5-4e41-9c0f-19aeef17ab68,Laptop,Microsoft Windows 10,No,nelsonkrystal@rivera.com,17
ac3e8563-73ca-4bcb-8d9f-69479dc5a2f9,Mobile Device,Java Platform Java 11,No,justin11@powell.com,1
35716225-1db7-4022-8acf-82ca8a981368,Server,Java Platform Java 8,No,jenniferreyes@johns-rollins.com,19
1569085e-7ba8-41d0-a6a0-ee46e99a3019,Mobile Device,Apple iOS 14,No,christopher11@hill-austin.com,7
10f719fe-4ac0-4ae8-be74-915837087f30,Server,Microsoft SQL Server 2022,Yes,warrendonna@hughes-brown.org,10
621728d2-23ca-406a-920b-ef662ac36f36,Mobile Device,Microsoft Office 365,Yes,jphillips@martin-williams.net,8
fd82dd62-1138-4e15-bafa-3e70493427bc,Mobile Device,Java Platform Java 8,No,derricklee@kramer.com,1
22c65049-2372-4a75-972e-d11ca8bbaa33,Server,Cold Fusion 2018,No,awilson@williamson.org,6
f1ebbc94-dcce-460d-9e4d-846aad9b710d,Server,Google Chrome 91,Yes,heatherruiz@phillips-wright.com,9
ff2e0b84-ddbd-40ae-a0d2-f841cec49145,Mobile Device,Microsoft Windows 11,No,lauren53@hunter.org,9
3939672e-503d-48c5-a62c-8c9c8d4fda18,Laptop,Mozilla Firefox 79,Yes,brownmichael@ross.com,8
0723972a-2d6e-4d7a-b9a4-27e5913e8f93,Server,Google Chrome 91,Yes,robinsonrichard@harris-collins.org,8
bbffe149-0aeb-44ab-8f0b-b2826ebbe34c,Mobile Device,Microsoft Windows 11,Yes,rollinsjasmine@howell.biz,2
7355497c-69e3-4252-9c16-3bf325dea972,Laptop,Java Platform Java 8,No,ssutton@ross-coleman.com,17
3480e4b9-a5a1-4ad4-b39b-67c8ccee4dba,Laptop,Microsoft SQL Server 2019,Yes,george94@lynn.com,9
6b6716c7-38be-4b1f-98c1-9a1a2e5d843e,Mobile Device,Microsoft Windows 11,No,ywyatt@johnson.biz,2
bec8c1c7-7519-4f77-a1da-b13e2fe6d5fc,Server,Microsoft Windows 11,Yes,jesusgutierrez@simpson.net,6
381b6da9-ee10-4ae6-9f8d-0caeba2a7295,Laptop,Cold Fusion 2021,No,david66@smith.com,20
93708259-71ef-401a-89ac-6d71a9e2e1f4,Server,Apple iOS 14,Yes,bryanallen@hebert.com,8
844d54e3-af9c-4d73-a7cd-61d818c3cbb5,Laptop,Java Platform Java 8,No,david61@lynch-mcknight.com,20
48de6635-be24-46ac-b3f2-8967ec273427,Laptop,Microsoft Windows 11,Yes,cynthiagray@kelly.com,17
2f531609-2819-4de8-91fc-376508031925,Server,Mozilla Firefox 78,No,christophersanders@rodriguez-sanchez.biz,13
e1183ea8-f163-4c40-9c60-d6589ae53400,Laptop,Apple macOS Big Sur,Yes,rharrington@thomas.org,5
09f7058f-6593-4b59-92ce-f7b71786c8ad,Mobile Device,Mozilla Firefox 78,No,yharrison@campbell-welch.biz,10
b398134f-3c3c-4408-8de2-6ef73ac0f4b9,Mobile Device,Microsoft SQL Server 2022,Yes,sarah59@perry.com,18
226a8f69-dfc3-4f68-a275-d0a810affee8,Mobile Device,Adobe Acrobat 2022,Yes,thomasbrown@garcia-lee.net,7
1793d0a7-b29a-469e-a43e-f6829e0496bb,Laptop,Microsoft Office 2019,Yes,eric74@kramer.com,5
c3c462e2-14b9-4e31-99bb-575a3020fcac,Laptop,VPN Software v2.0,Yes,xruiz@scott.com,10
9b0d1682-12f9-4a0c-a4e2-3afbe98fabf3,Mobile Device,Microsoft SQL Server 2019,No,hernandezstephanie@cooper-velez.com,8
2c4ddec9-7426-4418-9988-c138128d19a4,Laptop,VPN Software v2.0,Yes,jenniferconrad@garza.org,1
86aec517-7280-4f8d-a13f-a7c9ef07c24e,Server,Google Chrome 91,Yes,alexisromero@smith-richardson.org,20
a4f6da5d-2d8d-427c-88ff-1af95d18c859,Server,VPN Software v1.0,No,mcole@watson-smith.com,11
93a758f5-b2d5-4b92-a8f8-0124c9e931df,Server,Apple iOS 15,Yes,cwilson@dominguez.com,14
6e29b0fc-7bac-4518-9584-d93c203d6e0e,Server,Google Chrome 91,Yes,christopherjones@bowen.com,7
ee7432f8-5cd6-42a1-b7ce-5edaa45da74b,Server,Cold Fusion 2021,Yes,hernandezamber@hanson.com,19
ba569aee-049b-4abd-94cc-0e9c978237c5,Mobile Device,Microsoft Project 2019,Yes,rebecca74@torres.com,17
bdfa9272-fd70-4448-95e0-c36e5ecb1c3d,Mobile Device,Java Platform Java 11,No,carneykristen@sullivan.com,13
17004134-645c-4325-a6f8-71e71a77b42e,Mobile Device,VPN Software v1.0,No,xlee@robbins-smith.biz,2
65724907-ad82-43ba-91e7-312b7e0adb70,Laptop,Apple macOS Monterey,Yes,andrea49@larsen.biz,8
ba11485b-52b4-46fb-bcf4-1bd2370b17f6,Server,Google Chrome 91,No,brandon61@hill.biz,17
9b12ed62-5059-4bbe-8bac-b8e52f8fa28e,Laptop,Microsoft Project 2021,No,samanthaallen@lopez.com,18
7be8a7e1-eace-4356-a31a-ac5c9b54fd86,Server,Google Chrome 90,No,pyang@baker.info,12
7bd1b681-e6a0-4c5a-8eb2-012ba018e971,Server,Microsoft Office 365,Yes,lisalittle@allen.com,3
e2ae83c2-66a1-4762-8ac0-03dc504a04d4,Laptop,Microsoft SQL Server 2019,No,mwood@robles.com,1
7e233e5d-02ab-42da-8710-92430ecfcea9,Laptop,Java Platform Java 8,No,ewhitney@owens-gilbert.net,7
29350472-145d-47e4-b3cb-91535f32325a,Laptop,Adobe Acrobat 2021,No,mary97@baxter-thomas.com,3
1dc9c515-1dbd-48e8-8007-b9e2b080a872,Mobile Device,Adobe Acrobat 2021,Yes,brookelowe@kennedy.net,5
4dedafd5-fa77-46e6-bbfc-8bee36ddf82f,Laptop,Microsoft Project 2021,No,ashleyshepherd@martin.com,3
b46fab61-d90d-4913-8108-324290802399,Laptop,Apple iOS 14,No,christopherwood@turner.com,8
2856b6ed-1ff0-462f-ba83-a7c00b5016e7,Laptop,Cold Fusion 2018,Yes,rmccoy@york.org,3
96d196d7-12f5-41e8-8fa9-e97128b69e93,Server,Microsoft Project 2021,Yes,thomas20@vaughn-frank.net,20
3010684e-dcd2-4356-88d7-e11279f9dd6e,Mobile Device,Linux Ubuntu 20.04,Yes,woodssarah@newton.com,8
3c7d0f66-bac6-4824-a2f8-639ec7b96e7f,Laptop,Adobe Acrobat 2022,Yes,cisnerossusan@fuller.com,14
e8a96874-09ba-4632-9e88-bdad6cac2a87,Laptop,Linux Ubuntu 20.04,No,kristen83@glover.com,10
eb82caa3-70ea-4775-af44-c8a774585dd4,Laptop,Microsoft Project 2021,No,sierra49@mcdaniel-barrera.com,7
291876a5-e85d-4282-8d03-541387de1c76,Laptop,Linux Ubuntu 20.04,Yes,karenklein@hansen.biz,12
14fa274d-5fed-4a5e-a0d0-a863c8d34cb8,Laptop,Microsoft Windows 11,Yes,mary86@powell.info,12
07946904-5aa4-4bad-bccf-677b2c6487eb,Mobile Device,Mozilla Firefox 78,Yes,robertowens@adams.com,18
5640a088-6d57-4a07-bc15-ef4fa01d62be,Server,Apple iOS 15,Yes,sharon72@kelly-cruz.com,2
86ec5582-2ff5-4b5a-8f44-50ab27cf3bd5,Server,Mozilla Firefox 78,Yes,matthewford@hall.com,12
55d2553f-7416-4d7a-b839-04834be483c9,Laptop,Cold Fusion 2021,No,onealrodney@williams.com,4
4c2d1537-5267-4ac6-97c0-f5455a646470,Laptop,Microsoft SQL Server 2019,No,jeffreyneal@bennett.com,11
5bf4e16e-015a-4ae5-950b-e685ad99670a,Mobile Device,Microsoft Project 2021,Yes,tamarajoseph@spence.net,20
1af4e070-10fa-440a-a321-54782919565a,Mobile Device,Mozilla Firefox 79,Yes,bbutler@hernandez.com,6
49f01e4e-5eb2-4f9b-84fa-2f1304d23180,Mobile Device,VPN Software v1.0,No,michaelmoody@robertson-vaughn.com,13
00ee109e-e719-4a86-92b7-6dab0b6ba2b2,Laptop,VPN Software v2.0,No,dianaramos@hall.com,10
46177b51-d6ee-42fb-9ca5-57dd70471a5b,Mobile Device,Google Chrome 91,Yes,tfischer@thompson-salas.com,18
112e7dae-d979-4bc3-bf15-fd9aafb45432,Server,Apple iOS 14,Yes,danny16@lawrence.com,6
384ada66-6a3e-4d02-9e96-79207766603f,Server,Cold Fusion 2021,No,annette77@brown-griffin.com,10
df945b95-04fa-413f-aa9c-8e7c3a01fe6a,Laptop,Linux RedHat 8,Yes,khopkins@andrews-brown.net,5
035dd827-ddfe-46dd-971a-d017a584b536,Laptop,VPN Software v1.0,No,aavila@williams.info,14
e9ac340b-502c-4d37-a896-d7959ba13d6c,Mobile Device,Apple iOS 14,Yes,scott54@walsh.com,19
a967235a-302b-4fa7-a2ac-6742546ea4c2,Mobile Device,Apple macOS Monterey,Yes,mbanks@ryan.com,3
5c41a30c-3142-4d97-828e-29f1df83b837,Mobile Device,Microsoft SQL Server 2019,Yes,deandanielle@williamson.org,7
86e087a3-be4b-46cd-a030-96501acadda6,Laptop,Adobe Acrobat 2022,Yes,heathermcintosh@porter-mcbride.org,2
4162b568-d4ba-4b10-af71-1064180f9e77,Server,VPN Software v2.0,No,lorizimmerman@ross-bond.com,6
aa15ae08-b7b6-47df-bbbd-0a9ae4c6d67b,Laptop,Microsoft Windows 11,No,drichards@webb.org,5
e09f50fa-be77-4e2a-8958-0d3d86512112,Mobile Device,Microsoft Project 2021,Yes,ebernard@potter.net,5
1e7ec016-db0e-459e-88b3-8783016f5f85,Laptop,Mozilla Firefox 79,Yes,brownamber@small.com,3
cb64522e-96d6-41f2-9e32-8b59dda69857,Server,Mozilla Firefox 79,No,dmorrison@arnold.com,20
a349c7a7-728a-433d-9b69-84a738de0bf7,Server,Apple macOS Big Sur,No,kathrynbridges@shields.com,18
ca63ace6-2050-4e21-9c50-3c21c232144a,Laptop,Microsoft SQL Server 2022,Yes,ellenwang@olsen.biz,2
446f1375-7df5-4459-a8a1-a51417f2a97b,Laptop,Apple macOS Big Sur,No,nicholas12@mcmahon-phillips.org,18
bf806acd-03c7-44fc-912d-5cbdde55719d,Laptop,Apple iOS 15,Yes,josephrivera@parker-yates.biz,11
28c57019-da0e-4f07-ae97-d4a5905834d3,Mobile Device,Adobe Acrobat 2021,Yes,charlesweaver@jacobs.com,3
4ffea364-9032-455e-8579-72cb45576d7b,Server,Microsoft SQL Server 2022,Yes,greeramanda@lopez.com,15
e581da2f-42a6-485a-8d4f-0c152b375770,Mobile Device,Microsoft SQL Server 2022,Yes,hendersonpatricia@brown.com,5
4bbd689f-caaa-4e42-b01e-2113c2c22ad7,Server,Adobe Acrobat 2022,Yes,mayskyle@ellis.com,16
a4e20fc5-943b-4226-944f-33528404b500,Laptop,Microsoft SQL Server 2022,No,bradley24@white.biz,15
74a360aa-4663-4888-9149-a3cfdcba21b5,Mobile Device,Microsoft Office 2019,Yes,amy58@hayes.com,2
826da5be-da5f-41b5-8d44-85d3b5a55d0c,Mobile Device,VPN Software v1.0,No,ronaldmercer@oconnell-evans.com,15
c3c0d5c4-3a55-4d6f-b72d-6e2f65f67efc,Server,Microsoft Windows 10,No,fergusonfrederick@kemp.info,3
061ac4db-5edb-4ffe-bf52-7fc926d81f64,Server,Java Platform Java 11,Yes,melissalindsey@french.net,19
abb57381-32f9-413a-82cd-5fc04e7048f7,Server,Microsoft Project 2019,Yes,perezgina@mccarthy-perez.org,18
9c57dd67-b154-4a41-85b8-f46412a64981,Laptop,Google Chrome 90,Yes,hollyfisher@martin.net,9
b0212e47-8311-41af-9b49-5fa76dda63cb,Laptop,Java Platform Java 11,Yes,tony12@peters.com,19
a0eeacd3-1744-4d91-8cfd-3c780ff3f97b,Laptop,Microsoft Windows 11,Yes,burkeemily@summers.org,13
40347ad4-a11b-4182-af58-8583174b6783,Mobile Device,Microsoft Office 2019,No,jvillarreal@harvey.com,16
28b9a12b-b6ff-48bf-8218-9e0b9a1eef08,Laptop,Java Platform Java 8,Yes,alancruz@perry.com,7
590d2093-9613-48bd-a0dd-a6644bee31e7,Laptop,Microsoft Project 2019,No,monicapearson@cook.com,4
e19dd079-e35c-4544-8795-d950fc151ebc,Server,Microsoft Windows 10,No,jamesschneider@valentine.biz,15
7f9741db-6c12-498d-8ac4-98e3a6c8f068,Laptop,Java Platform Java 8,No,scottchelsea@doyle.com,20
d59262ae-3839-4251-baf9-81600a8fb319,Laptop,Microsoft Windows 11,Yes,jasonriley@hughes-lane.com,10
e3c70767-be36-4eb0-a4de-86e5c553f2da,Mobile Device,Microsoft SQL Server 2022,No,jeffrey33@cox.com,1
1712b356-673c-4fa7-93f5-7610163d3df4,Mobile Device,Microsoft SQL Server 2019,No,carpenterkimberly@white.com,16
cdad0218-e0c7-40b2-b2ee-f545297d9596,Laptop,Google Chrome 90,Yes,riceaustin@lane.net,10
1217ed49-030b-4637-9ade-c1115f5cbca1,Mobile Device,Linux Ubuntu 20.04,Yes,wilkinsondonald@coleman-cabrera.com,19
2252dc91-1426-44a0-9554-f560bc97e614,Server,Mozilla Firefox 78,No,edwardsphillip@stephens.net,3
1bfd6d88-18bb-45f0-a05f-cfa27028c123,Server,Linux RedHat 8,Yes,hrichardson@turner.info,19
5c86d751-def0-49a4-a906-2ef61a736a40,Mobile Device,Microsoft Windows 11,No,panthony@trevino-dean.com,13
99bc6ed7-c202-43bd-b6b7-4300744d9381,Laptop,Google Chrome 90,No,jodylynch@little.com,3
dd0d9b21-e186-4ce3-8f50-7d75e4e0c099,Mobile Device,Linux Ubuntu 20.04,Yes,shelby92@washington.com,5
5348c3ba-ec5f-4d35-8e39-407cf2bbaf31,Laptop,Adobe Acrobat 2022,Yes,olivia93@scott-norton.com,3
9d95def5-8168-4646-8869-149fe31ffafb,Mobile Device,Apple iOS 14,No,johnjackson@lawson.info,19
1215d28b-eb36-43cf-ad3d-1998ecc5fde3,Server,Google Chrome 91,Yes,jackie20@watson-vance.com,7
dec1a8a8-6a1b-4e6b-870d-e88829f8bf86,Laptop,Java Platform Java 8,No,brianhickman@pennington-perry.com,19
da6dc191-0657-42da-b806-1b053a8d7fe0,Laptop,Java Platform Java 11,No,traci06@cox.net,9
00c73537-e492-4de6-a936-260b0310394e,Mobile Device,Java Platform Java 11,No,valeriepalmer@reynolds.com,13
8f4b6b21-8353-4f98-950f-8eea0554fcb4,Laptop,Linux RedHat 8,Yes,froberts@rivera.com,10
72af5480-c880-4b19-8c0e-4333a3bc0ca8,Server,VPN Software v2.0,Yes,bandrade@randolph.biz,14
eda683ef-8df0-4c7b-a780-33e4a39549bd,Mobile Device,Linux Ubuntu 20.04,Yes,acalderon@odonnell-mcmahon.com,15
e613d480-95c4-41c9-a8fc-e81f2cca5294,Server,Apple iOS 14,Yes,millervictoria@williams.org,16
be803a93-cf02-41fa-a27c-5ee1a45b69f2,Mobile Device,Adobe Acrobat 2021,No,umiller@anderson.com,9
01f64332-5323-404e-8c93-76633a28583e,Server,Java Platform Java 8,Yes,moranangela@guzman.info,14
f5813f45-150f-4888-96f4-ec1714f3c799,Server,Cold Fusion 2018,Yes,zachary98@neal-coffey.org,14
ca066554-e5ee-40a8-8576-a8d6bf3b1851,Server,Microsoft Windows 11,No,stanleyallen@davenport.com,6
b7974a5d-e7d0-4611-9c61-dc238e5bcfb9,Laptop,Google Chrome 91,No,ashley55@fox.com,14
c85634f6-f525-4342-b1c5-f1f3c4d1a84c,Server,Apple iOS 14,Yes,williamthomas@smith.com,14
7a10e539-aa16-4ae5-8c85-d03c8c11c459,Laptop,Apple iOS 14,No,leonardwells@parks.org,2
11a9fee9-8d54-4709-bdfc-c36faa60cc1c,Laptop,Microsoft Office 2019,Yes,zgarcia@evans.org,3
705453a6-bd5a-414f-9625-8fa00c6b3e49,Server,Mozilla Firefox 78,No,griffinscott@thomas.com,10
c2386ef6-1ca9-46ff-81f1-828638abfd6b,Server,Adobe Acrobat 2021,No,jessicabutler@hill.com,13
59208105-cd4a-41e8-8c6c-1d28588c4db3,Laptop,Mozilla Firefox 79,Yes,ryanjanice@thomas.com,12
7ee5421b-9485-49be-a4c9-eca4ba498716,Mobile Device,Microsoft SQL Server 2019,No,ewilkinson@phillips.com,19
dca5cef7-c21a-4533-9b72-2a8d8ccbc2d3,Laptop,Adobe Acrobat 2022,Yes,xsingh@baldwin-mathews.biz,9
ac27e7be-460b-469b-a6f2-20d002c1fc94,Laptop,Cold Fusion 2021,No,nathantaylor@morales.net,7
4405b141-cf6b-4c94-ab6a-503d3e170e5b,Laptop,Apple macOS Big Sur,No,zbrown@brewer.net,16
109dcad3-58cc-4846-be68-318d61893821,Mobile Device,Google Chrome 90,Yes,qscott@washington.net,19
c63935cc-27cd-4fff-b2ca-6f9deb0334f8,Mobile Device,Mozilla Firefox 79,Yes,amanda64@cross.com,15
09114dce-5b5b-476a-b3fc-ca37e994da40,Mobile Device,Apple macOS Big Sur,Yes,matthewnorton@schmidt.info,14
a5b67b14-bd59-4a7d-b7f8-be99609b227b,Laptop,Cold Fusion 2021,No,dunnjoshua@kelly.org,16
c2ffc508-0a6a-45d4-bbc9-77d6e4068358,Laptop,Microsoft Office 2019,Yes,deborah47@logan.com,5
fbfc965e-2a7e-453b-be80-c7ce8b74d07a,Server,Mozilla Firefox 79,Yes,josephwilliams@davis-brown.com,10
7c7c4465-2aa3-4a30-bbdb-efe1bedea6af,Mobile Device,Google Chrome 91,Yes,pwolf@hughes.com,2
e2ad1a93-1362-421d-a2a5-c613cd32276d,Server,Adobe Acrobat 2021,No,amy11@carpenter-cummings.com,5
65ac0019-4884-4153-bfed-c33f0792be16,Server,Adobe Acrobat 2021,Yes,richard45@miller.org,20
4f32d43f-9886-4fde-b792-c4813a148f16,Laptop,Adobe Acrobat 2022,No,thomas42@young.com,2
c2431610-d517-4b8b-83e2-11fcfb71bb66,Laptop,Adobe Acrobat 2022,Yes,gomezricardo@matthews.org,11
d8e337a5-8794-4d70-8bc6-bc7bda4431b1,Server,VPN Software v1.0,No,joshua54@acevedo-lynn.net,3
531593c9-f9e1-458f-b3b8-551cafabcb0a,Mobile Device,Apple iOS 14,Yes,wendy96@ward.com,10
6a8dcad0-397d-4d74-bd6a-3b3227fd11f2,Laptop,Linux RedHat 8,No,patrickwilson@carter.com,6
ac5661f3-b897-4660-a272-3bf5780041f0,Laptop,Google Chrome 91,Yes,bsmith@patel.com,16
5d9faf94-77f2-4b0a-aa71-6984e3c09dcf,Laptop,Microsoft Windows 10,No,anthony24@long.com,8
72b4a458-0eb0-4eb3-9e6b-e5e6ce2cda63,Laptop,Microsoft Windows 10,No,harrismisty@hernandez-castro.biz,14
2d43aa12-2859-47d6-a6be-1ef05aff7dd9,Mobile Device,Cold Fusion 2021,No,brownshawn@franklin.net,13
84df0960-9eb1-47f4-ac84-0329231663d3,Server,Java Platform Java 11,Yes,njohnson@lloyd.com,8
371e9248-8be1-4654-bbee-8de03c7a1e9a,Server,Apple macOS Big Sur,No,howardbell@delacruz.biz,9
30c2c252-71f4-4636-b94e-25f91097c0e8,Server,Linux RedHat 8,Yes,mccoyphillip@taylor.net,12
897eb7fa-da8f-4d0d-b170-d0a1114cfed4,Mobile Device,Google Chrome 91,No,jennifer63@mendoza.com,17
d8ea141a-4704-465f-acaf-987a17106d93,Mobile Device,Google Chrome 90,Yes,alex83@ortiz-murray.com,13
508dba48-f08d-49b6-b480-3508736e8d3a,Server,Mozilla Firefox 79,No,bradleystanley@moore-campbell.com,2
537ffc90-fffa-4b8c-8318-eb2355dd491b,Server,VPN Software v2.0,Yes,william45@hill.org,5
918a72e4-f455-45c5-85b2-74feefc601c8,Server,Microsoft Project 2021,No,perezwilliam@thompson.com,11
7f0dcfed-80ae-4452-a5bc-bbd15f0b3ff4,Server,VPN Software v1.0,No,khayes@edwards.net,10
6f4b5af9-9e79-43c6-a20d-40fd00277460,Mobile Device,Adobe Acrobat 2021,No,erichardson@miller.com,18
b9b2e605-450e-4aea-b4c0-301e14e3ef22,Laptop,Cold Fusion 2021,Yes,daniel83@rhodes.com,1
382fb8fa-d0b8-4643-be64-96726d994384,Laptop,Linux RedHat 8,No,vrose@oneill-espinoza.com,16
a6bb0728-8413-4c8a-9275-7a768c791c2d,Laptop,Apple macOS Monterey,Yes,juarezmary@jones.net,6
20b73a91-7c10-4898-8d08-8ce78e6d3f1f,Laptop,Mozilla Firefox 78,No,christensenashley@jones-white.com,19
0eba8599-e6a9-4c20-aa2d-89b194a1667e,Mobile Device,Microsoft Office 2019,No,crawfordsean@harris.org,20
4bb3a908-4e33-4e3b-8058-56865151a426,Laptop,Mozilla Firefox 79,No,vshaffer@taylor.com,10
451561f2-7d18-4794-ad0e-74dd93d442e9,Server,Apple iOS 15,No,swatkins@wilson.com,11
b8cbdcf1-444f-42aa-bfc7-ffae8559ce8e,Server,Apple iOS 15,Yes,kimberly26@malone-hughes.biz,7
33f264ad-312f-47d0-8283-38568756be01,Server,Apple macOS Big Sur,No,nvelez@moore.com,4
b3f73a07-9c55-46fa-82df-75912d73d8c8,Mobile Device,Adobe Acrobat 2021,No,timothylynch@smith.com,18
55651b03-85e2-4c4f-9130-ea6cc59b039a,Server,Cold Fusion 2021,No,suttonkathryn@long.com,19
d0b85622-0d1e-424a-9ba8-6821887069cf,Mobile Device,Microsoft Windows 11,Yes,lindarlene@young.biz,16
cb3f34cd-a262-4887-ad28-f50fac869aeb,Mobile Device,VPN Software v2.0,No,david69@griffin-ramos.org,2
73089f12-bfb1-4e30-ac1e-6390a37a46ad,Mobile Device,VPN Software v1.0,No,brianallen@griffith.net,13
f2ef56a7-dc4d-40e7-a9b8-1d4810ad9d4c,Laptop,Apple iOS 14,No,jdominguez@warner.com,4
4ae3bb4a-ab89-474a-87f0-deab1d595b9f,Server,Microsoft Office 365,Yes,amberphillips@brooks.biz,11
311c2e82-b2bf-42e7-8649-112c44edb3ba,Mobile Device,Apple iOS 15,Yes,whiteheaddonald@doyle-mills.net,19
aed8b073-0cef-42b8-a856-19eb40df81e3,Mobile Device,Cold Fusion 2021,Yes,rivasdonald@wood-miller.org,14
8f33bd17-65d3-44a9-8894-72a1d2552051,Mobile Device,Java Platform Java 11,No,williamsontroy@taylor-wilson.com,11
0f77ed19-8a24-47f6-aed3-2061a1932786,Laptop,Microsoft Project 2021,Yes,scottscott@banks-davis.com,11
6883be2e-58fa-4482-b94e-3a031f89c413,Server,Microsoft Windows 11,No,combsbilly@miller-mendoza.com,9
37a86f90-dc06-4006-90e4-7d1b29cfc1da,Mobile Device,Apple macOS Big Sur,Yes,ymarquez@black.info,5
e3d85539-4106-4212-ad8a-dec37e26c85d,Mobile Device,Apple macOS Big Sur,No,fischerraymond@oneill.com,9
92bf0fd0-6762-446f-ad1e-6be7a4bd69c8,Mobile Device,Microsoft SQL Server 2022,No,dcline@stanton-collins.com,4
ecd28ad3-fe09-4893-82c5-94e1ab15cbf4,Server,Cold Fusion 2021,No,ihammond@fischer.biz,4
31e0d4d4-ad06-496e-9a1c-df6ca0a1fdcc,Mobile Device,VPN Software v2.0,Yes,john71@frank.com,12
6d7dd401-fcb2-47d6-bf92-a85e44b8dbfa,Laptop,Microsoft Project 2021,Yes,douglasjefferson@montes.com,13
d94d1444-8567-4856-a76a-b80e7e544175,Laptop,VPN Software v1.0,Yes,dominiqueware@kennedy.com,8
3becdda2-5e85-425c-9217-7c19690c1eed,Mobile Device,Apple iOS 15,No,christina62@mcclain.com,12
566199c7-15b7-49db-8207-51ef03c4308a,Laptop,Google Chrome 91,No,kboyd@cantu.biz,18
4772cdd0-02ea-46d1-a08d-2e44446d5985,Laptop,Cold Fusion 2018,No,edwardsnorma@williamson.biz,14
6bfa587e-cdaf-42c6-a30a-705d86e0dd0f,Mobile Device,Microsoft Office 2019,Yes,rivascourtney@davis.org,2
752af6bf-aea7-4852-9656-218357af677d,Laptop,Google Chrome 90,No,jesse04@lucas.com,16
8d677da5-b2ba-44f4-9f5c-88aa4eca5a9c,Laptop,Apple macOS Big Sur,No,hball@buchanan-armstrong.com,14
57c281a7-ecbd-4d0a-83cf-659354aa44e8,Server,Microsoft Project 2019,Yes,salazartyler@kline.biz,17
602f17ed-be05-4715-b983-b3c40fd1b9d4,Server,Mozilla Firefox 78,Yes,zdaniel@poole-cantrell.org,10
6e8cb213-b0a3-4fc7-a875-b87def35e86f,Server,Microsoft Office 2019,No,erobertson@peterson-kim.com,9
f4f63436-d437-412b-b529-0e55b1203890,Mobile Device,Apple macOS Big Sur,Yes,sharonhenderson@woods.com,10
7c2261e5-7cd6-4549-bd4e-713c19d49b1d,Mobile Device,Microsoft SQL Server 2019,Yes,huynhscott@lawson-gross.com,15
c62e5017-af5f-4fc2-8f20-317a4acd9960,Laptop,Microsoft Office 2019,Yes,santiagoaaron@brown-allen.com,16
3a0923f3-70a2-43bd-b7bf-490b99852416,Laptop,Apple macOS Monterey,No,penny06@harrison.net,9
f15f061a-8eef-4de6-a4a9-f19a509c33b8,Server,Microsoft Office 365,Yes,smithcassandra@baxter-casey.com,15
e51a3310-981b-45ab-918d-00430e9871d2,Mobile Device,VPN Software v2.0,Yes,cowens@salazar.org,12
bd131f8c-9c94-4a4a-87f0-39b664b0ce48,Laptop,Microsoft SQL Server 2019,Yes,todd54@brown.com,6
0606a897-9cbd-4e1f-b891-3f1d7e8ca197,Server,Linux Ubuntu 20.04,Yes,danieltorres@juarez.com,2
b7229fde-2973-47bf-a2cf-218267e29674,Server,Microsoft SQL Server 2022,No,karenmills@parks.biz,10
2a23c52b-6785-4dd1-ba4d-17d18256a528,Mobile Device,Adobe Acrobat 2021,Yes,vickie74@johnson.org,8
15554a81-fc9a-4839-a5fc-b69b74e51aca,Server,Apple iOS 14,Yes,jennifergibson@villa.com,19
9802d5f8-a3b5-44f7-bfdc-c2a9cf0e63f9,Laptop,Microsoft SQL Server 2019,Yes,stephaniebruce@little.com,16
87d12ce6-97f6-4036-bed8-badf953b71f8,Server,Apple macOS Monterey,Yes,batesalexis@freeman-holmes.biz,3
aa0a8f67-87b5-4726-aa5c-2cc0c322c924,Laptop,Google Chrome 90,Yes,ztaylor@williams.net,6
808a7d02-9468-47e0-a46c-a86a094f2c03,Server,Google Chrome 91,No,nicolekelly@campbell.com,18
9f514cc4-63e8-48db-bfa4-8d7e7890f329,Mobile Device,Microsoft Office 365,Yes,penny86@davis-walls.com,18
b8728d11-921c-4145-9348-52176e618263,Server,Java Platform Java 11,No,yallen@carter.com,20
4c689476-11f6-4c65-9136-69d8f9c7c814,Mobile Device,Cold Fusion 2021,No,jeffrey25@smith.net,18
205d783a-6ca0-4cc5-8a2b-dfb673b08f59,Laptop,Apple iOS 15,No,khill@barber.com,13
36dd1835-15bb-4187-8827-e50bf4d13c0d,Laptop,VPN Software v2.0,Yes,gardnerkaitlin@jefferson.com,12
52a77cac-1581-4c28-88c0-6670eb440f1e,Server,Linux Ubuntu 20.04,No,robert19@reyes-bass.com,6
9e698ab9-0458-465f-805e-3eb412f933b4,Mobile Device,VPN Software v2.0,Yes,lmiller@mayo.net,2
9a8f82e5-86f6-42ef-a7a0-1c65be2e858f,Laptop,Microsoft Project 2019,No,mwilliams@bray-warner.com,11
7b893a59-6b00-4dc2-a1ec-01d6f7b91b32,Mobile Device,Apple iOS 14,No,sara49@patel.com,20
36ebd744-aa42-4349-9d6d-4df6dad9927d,Server,Microsoft Office 365,Yes,qbarnett@simmons-barber.com,20
8fb8caf8-2149-429e-86e7-7dec8fd9d216,Server,Apple iOS 14,Yes,tracymanning@davis.net,8
f179a548-f31f-450c-ae99-db3e68be147e,Laptop,Cold Fusion 2021,Yes,qsuarez@santos-richard.com,14
9445bd6a-33dc-4460-9484-08f8a120ec6e,Server,Adobe Acrobat 2021,No,rcollins@robertson.info,8
2ec7c1cc-5ef0-4fb6-b11a-8fb8181aa632,Mobile Device,Cold Fusion 2021,Yes,munozashley@jacobson.com,19
0fffddc9-137e-4349-aea1-5b39d15e76d4,Server,Apple iOS 14,Yes,jvasquez@casey-torres.com,12
27c1f1ae-fcbb-4116-9a13-ebe52a3c0e63,Mobile Device,Cold Fusion 2021,No,dwaynelane@bailey.com,11
ef0ba4c2-3940-4a44-ad7d-48481b8e174b,Server,Linux Ubuntu 20.04,No,gabriel74@richardson.com,10
6cf6555a-bb40-4a10-b495-8149df2be32e,Laptop,Cold Fusion 2021,No,timothyhouston@brown.biz,12
ccd51c39-b063-4233-bbad-a3fe4044fb34,Server,Google Chrome 90,Yes,sarahwest@jones-scott.info,3
5a694418-4521-4f6d-9f4f-3c7368e97e0e,Server,Mozilla Firefox 79,Yes,brandonreed@torres.net,14
44a5aa4c-8919-46a9-8a95-d04a05fde2b0,Laptop,Linux RedHat 8,Yes,dan08@harris-olson.com,16
0ce67118-d6a4-4c96-98ba-0f0778240a4c,Mobile Device,Google Chrome 90,No,martinstephanie@lara.net,15
472dce6a-168f-44cf-ba0d-283b7a253241,Server,VPN Software v2.0,No,karilarson@garcia.org,2
680d79ae-14c3-428a-b8b8-e2531be944f7,Mobile Device,Apple macOS Monterey,Yes,joshuakhan@ramos-espinoza.net,10
07c95b44-4d51-438b-8986-00acab4c8218,Server,Microsoft SQL Server 2022,No,pamela19@pollard.com,14
f4144efb-28be-4e6c-84d7-61921a431aee,Mobile Device,Linux RedHat 8,Yes,bhoward@torres-blake.com,7
7b3baa87-e109-410a-8638-7e89c66d67e8,Mobile Device,Apple iOS 14,Yes,melissa97@baker.com,5
0bf2bc9e-7aec-4e7c-bc67-e3c67a34e8f3,Laptop,Java Platform Java 11,Yes,fernando06@decker.com,17
23931327-0bb5-4867-9d90-7763a4227c0b,Server,Microsoft Project 2019,No,awatts@allen.org,8
6a9ec800-83b5-4b35-be7d-b88cbd73af3e,Laptop,Microsoft SQL Server 2022,Yes,cookchristina@lowe-barrett.info,2
33db3dc0-e593-41ef-ade0-1a64033ad8bc,Laptop,Mozilla Firefox 79,No,kimberlypadilla@chavez-noble.info,7
85e1e6d0-075e-4764-a1ad-e78bd6926943,Laptop,Apple macOS Big Sur,Yes,johnstonbrandi@cohen.biz,5
bc8ff767-8498-432c-8a3b-d53680b44916,Server,Microsoft Windows 11,No,christopherrhodes@jones.com,8
d9333410-1f83-4e72-b244-8466ea1c151f,Laptop,Microsoft SQL Server 2022,No,imartin@paul.com,8
007b8bdf-e5b8-46b3-a873-41c0c23b9e34,Mobile Device,VPN Software v2.0,Yes,john02@reynolds-tanner.com,3
794183db-4d4f-4b9e-bbdb-de08846ba83c,Laptop,Microsoft SQL Server 2022,No,xburns@kirby-goodwin.org,3
5b99a7fe-be6c-48f5-a82c-859bf023b85d,Mobile Device,Google Chrome 90,No,russoanthony@middleton.net,18
549bc5a1-0f07-4489-8dbd-ef2f0e5c17ae,Server,Cold Fusion 2021,No,zacharyrosales@hubbard-fox.com,3
9af41960-209f-4745-82aa-50a6b98cfe30,Laptop,Apple iOS 14,Yes,grantbrian@ortega-campbell.com,12
9e250445-f492-4533-ab88-c856bc29d364,Mobile Device,Microsoft Windows 10,No,cellis@cole-taylor.biz,17
ef14bca8-8cd6-4811-80bf-44792d0fc085,Mobile Device,Mozilla Firefox 79,Yes,nicholas02@guzman.info,19
3552c0b7-b4cc-435a-be4f-af7ca8d34050,Server,Microsoft SQL Server 2019,Yes,alexwilliams@fitzgerald.com,11
22856fa6-c97f-47b8-b17a-1a470e5a82ca,Laptop,Linux RedHat 8,Yes,godonnell@moore.net,15
90150f2f-1fb2-41e0-b95b-e76ac7946696,Server,VPN Software v1.0,No,zshaw@ellis.com,8
c23067b7-c418-46b3-a233-0dffcb79b5a2,Laptop,Microsoft Project 2021,Yes,tiffanybutler@lee.com,16
60f42182-ee50-44c6-858f-ca57132a3b87,Mobile Device,Mozilla Firefox 79,Yes,duranjohn@scott.com,15
d1f8e3cc-96f6-497f-ab18-1855eacafeb6,Server,Apple macOS Big Sur,Yes,alexanderrodriguez@nelson-phillips.com,2
e9c3bcf4-b1bb-47af-a520-32c2f8a12730,Mobile Device,Adobe Acrobat 2021,Yes,kimberlyarmstrong@zhang.com,14
e4e32ac5-82d4-4685-81f1-84a616e02515,Laptop,Adobe Acrobat 2022,No,tiffany47@grimes.com,11
088a0a93-f6ce-48da-9157-454b91fca672,Server,Microsoft Office 365,Yes,denise66@gallegos.com,1
77738c28-590b-4d9e-86fe-c2135a1061c2,Laptop,Microsoft Windows 10,Yes,melindalewis@strickland.com,10
ece511c4-b00f-417d-a919-554b9e69597a,Server,Cold Fusion 2021,Yes,johnjames@lawrence-moore.com,19
e4650ada-11d0-42b4-b159-d94db2d47c9c,Laptop,Microsoft Project 2021,No,reesediana@willis-lawson.net,3
3c759ec4-58a3-4e82-9b4a-5bdafb90ddb8,Mobile Device,VPN Software v2.0,Yes,christopherrichard@mathis-smith.com,18
8fff41bf-3e6d-45a2-9202-5d5cff07cba1,Laptop,Microsoft Windows 10,No,stephanie02@martin-hernandez.com,2
50c7fede-077a-4dc9-ace5-b49948849459,Laptop,Cold Fusion 2021,No,summerbrandt@lee-watson.com,4
cd1f9390-bfde-4f39-b8f9-99683a7dc9d3,Laptop,Microsoft Office 2019,No,moorenathan@drake.com,9
c8541025-29d7-40ef-b5e1-d141438d994a,Server,Google Chrome 91,Yes,qthompson@johnson.org,1
843c62ee-529e-4ccc-a67e-2a6249cb5419,Laptop,Microsoft Office 365,No,markrobinson@kim.org,12
c2b7aa6d-5551-4fde-bd0d-f04c137dbcb7,Server,Google Chrome 91,No,matthew61@hutchinson-pearson.com,20
68890229-18dd-412b-94ec-c6e4b1eb9f84,Mobile Device,VPN Software v1.0,Yes,jennifer02@king.com,13
ba33682d-9214-4931-a00f-1964c8e2d482,Server,Microsoft Office 365,Yes,sbrown@bush.net,8
0553ba72-fc2a-499b-bd50-47b53a9091d4,Server,Java Platform Java 11,No,adamfrancis@white.com,8
9f2dcfa2-3948-4387-a2ed-5ea6c9d75a7a,Mobile Device,Cold Fusion 2018,Yes,bradleysmith@allison-reed.com,15
99a0a1c8-35a0-4242-8622-c2af895b0530,Server,Java Platform Java 11,No,owensdenise@nelson.org,20
51a41855-f640-4a31-b9ad-690e00c9c317,Laptop,Microsoft SQL Server 2022,Yes,robertgreen@robinson-harris.info,8
0b028293-0814-4ca4-9618-b6d106c7f1c1,Laptop,Microsoft Windows 11,No,tgonzalez@kelley.com,13
fb892b96-8bd3-4a2e-a2a5-77313aa6e8f4,Mobile Device,Adobe Acrobat 2021,Yes,reyeseric@jordan.net,5
38965418-0294-44da-8a55-8b2182ad0709,Laptop,Linux Ubuntu 20.04,No,megan28@white-garcia.com,9
703bcf1c-6f10-4599-a771-67ac7ee4df5c,Mobile Device,Apple iOS 14,Yes,frank35@fuller.com,19
a56d160b-51b0-4527-8bf6-47fdf81026cc,Laptop,Google Chrome 90,Yes,heather67@clark.com,19
38ff9708-dec0-41a8-b120-83373dbe3f7d,Mobile Device,Apple iOS 15,Yes,xroy@herrera.com,18
a6fe11d6-cb74-4589-b260-9c68c8ae7bae,Server,Mozilla Firefox 78,No,burkeroger@bennett.com,11
ce07afb7-5ade-4948-b0ed-72c131609844,Mobile Device,Microsoft Office 2019,Yes,kevin46@winters.com,16
14b84ac3-22c0-49c8-895e-9741bfc9a8eb,Mobile Device,Apple macOS Big Sur,Yes,richard88@gonzales-gonzales.org,7
8631ec94-e268-47a3-9d4b-44991c875a4c,Laptop,VPN Software v1.0,No,stonelori@love.biz,18
fe31e686-1d13-4540-a03f-23248f17c2a5,Mobile Device,Cold Fusion 2018,Yes,treed@swanson.com,20
25b2f478-51d0-463b-814d-35d06472e3d1,Server,Microsoft Office 2019,Yes,debbiesandoval@marshall.com,11
f545e4a4-107e-418d-b7f2-5d99fdc3fd6a,Server,Apple macOS Monterey,No,lisasullivan@turner-martin.net,19
5b946801-683e-4cab-9018-771cd1a9e775,Laptop,Microsoft Office 2019,Yes,nortonriley@stone.com,5
48a9c864-0d07-4f4b-8067-3e829822de9b,Server,Java Platform Java 11,No,fthompson@bailey.biz,4
fafc9720-933a-4cd9-ab39-b8dbf968f075,Server,Cold Fusion 2021,No,jlucas@noble.com,1
f0b9780c-d2dd-440b-adc6-07baa8f42125,Laptop,VPN Software v1.0,No,hernandezrandy@johnson-smith.org,20
9dd2e48c-b4bd-45f6-8203-3f631e4b4cbb,Server,Linux Ubuntu 20.04,No,angela52@crosby.com,18
97e532f3-9187-495e-98b9-c79189f274fc,Mobile Device,Adobe Acrobat 2022,Yes,kathrynjohnson@mcdonald.com,3
830ca978-358e-43ed-8f88-69318533ef54,Mobile Device,Mozilla Firefox 79,Yes,mitchell71@mendoza.biz,4
1d9614ec-672f-4481-b89c-712b1fa2fb38,Mobile Device,Microsoft Windows 11,Yes,kbarnes@gray-roberson.net,18
0e19df86-837f-45c0-b1b9-e497d1dcf51f,Mobile Device,VPN Software v1.0,Yes,dennis91@schwartz-fuentes.com,3
f0f67f94-5abf-42bc-95b3-ad196d90fd12,Server,Microsoft Windows 10,No,james52@page.info,20
7429a3ab-1a3e-4147-ae6a-b753edb3700e,Mobile Device,Microsoft Windows 10,No,trobertson@anderson.com,17
5d55d50f-1f69-4674-a4e5-43ef14100c54,Mobile Device,Linux Ubuntu 20.04,Yes,hicksnorma@nicholson-cunningham.com,4
8d68c72f-a37c-43d8-b45b-88e311e9226b,Server,Adobe Acrobat 2021,Yes,angelicaschneider@green.com,12
ee295afa-db40-434c-8848-664d1ac5b68d,Laptop,Linux Ubuntu 20.04,No,matthew87@brady.org,11
33e33b03-b7ce-4b74-978d-3ec52cfe2ee1,Laptop,Apple iOS 15,Yes,rodriguezronald@kramer-lopez.org,16
6425588e-e961-4a52-892a-127377e9cd12,Laptop,Microsoft Office 365,Yes,holmesgregory@francis-davis.com,7
90cc9256-e32b-45f5-95a7-9f2d61b9a987,Laptop,Linux RedHat 8,Yes,riosjohn@montgomery.com,1
b53bb830-3f03-49ae-a846-9b7293cccdc7,Mobile Device,Adobe Acrobat 2022,Yes,eyoung@rogers.com,6
cf0bb235-3e8d-4ceb-80d0-caa8bbf28232,Laptop,Apple macOS Big Sur,Yes,bernard87@obrien.biz,15
6199f2a9-7858-4f74-84fb-129e2412d89e,Mobile Device,Mozilla Firefox 78,Yes,austincollins@garcia-hebert.com,6
4fc47e96-76f4-4517-80ee-db4cee49a02c,Mobile Device,Adobe Acrobat 2021,No,lferguson@stout-stewart.com,17
484bc4d2-34cf-4bdd-b0b1-cd9def66fceb,Server,Linux Ubuntu 20.04,Yes,allenreyes@callahan.com,2
c0caca16-fdd5-4dc5-b0d7-e66913dbeb52,Server,Apple iOS 14,No,janetmoore@carr.org,13
57c05f51-fa33-4f24-b32a-39480f71710b,Laptop,Microsoft Office 365,No,lmann@kelly.net,9
198ba449-d07d-42d2-9cf1-0c5ebefddd8e,Server,Linux Ubuntu 20.04,Yes,reyesjames@taylor.com,2
6957ad40-946e-4305-a995-bc6b49c485ea,Mobile Device,Mozilla Firefox 79,Yes,sharon36@porter.com,18
206d1136-3567-4229-be93-db310f8de8bf,Mobile Device,Apple iOS 15,Yes,reedlori@davidson.com,17
c9802538-38f9-4f45-ada2-867a9185cabe,Server,Microsoft Office 365,Yes,john47@novak.com,12
fe6909cd-2860-4b33-8eee-ad917b035787,Server,Linux RedHat 8,Yes,richard91@garcia.com,10
9e875fe8-e858-4973-8bbb-e580ee7f39c9,Laptop,Java Platform Java 8,No,kaitlin64@franklin-fisher.com,17
875a8800-0aea-4683-877d-d477595c6df4,Server,Microsoft Office 2019,No,nball@thompson.com,20
b13448c0-6555-4d5c-9a38-a62cd3fd5e22,Server,Microsoft Project 2021,No,evansmatthew@parrish.com,16
06840c0e-166c-4618-b470-547cbd36d1b8,Mobile Device,Google Chrome 90,Yes,oscar87@brewer-jenkins.com,11
d8a8b937-834b-4765-af8a-27df7ce34003,Server,Microsoft Project 2021,No,alejandrotaylor@abbott.biz,14
1cd98c98-30bd-4771-a197-9828d3833e0e,Laptop,Cold Fusion 2018,No,djones@hunt.com,10
c6422353-44a4-4bbf-bfcb-dec4557511ea,Mobile Device,Apple iOS 14,No,xeverett@johnson.info,15
cead36b2-c2a8-45f1-9b21-5cdf9a49e002,Laptop,Google Chrome 91,No,rogersmartin@ramos.com,3
f1470cf8-b46d-43b9-abe0-c8ac4f5e023d,Laptop,Microsoft Office 365,No,evansbrittany@smith-bishop.info,13
9316eb6e-e3f5-48b9-abe7-c49b7aafce99,Laptop,Microsoft Project 2019,Yes,jmartin@stokes.com,8
6afc6ada-80c6-4948-a798-736b53abfa21,Mobile Device,VPN Software v1.0,No,ephillips@juarez.com,9
b99283e4-26e8-4775-9329-dc9caa5b1a98,Mobile Device,Adobe Acrobat 2022,Yes,parkerevan@lopez.com,7
a2aa1593-831d-455d-a7c4-bdf32b3da63f,Mobile Device,Cold Fusion 2018,Yes,ealvarez@morgan.org,7
afdac92a-d505-4344-bea2-c88db3a20bc7,Mobile Device,Linux Ubuntu 20.04,Yes,millercraig@lewis-bryant.com,17
df2a7c92-20e9-4be8-87a8-2da643268a1d,Server,Microsoft Project 2019,No,johnarmstrong@parker.biz,18
ce5b3974-8c38-4fa6-bd90-d61a73ecdbb6,Laptop,Cold Fusion 2021,No,janiceperez@lester-wood.com,16
8dcf3c37-8ea2-4525-b445-908b339969ff,Mobile Device,Microsoft Office 2019,No,melissahill@barr.com,6
d2696fff-1708-4731-989a-cf25a9953a91,Server,Apple iOS 15,No,daniel21@carter-hartman.com,16
93bc3764-22d2-443e-86a2-bae904c02073,Server,Apple macOS Big Sur,Yes,lopezjanet@moore-hall.com,14
142fd01f-2500-4ab2-a2da-19804024a890,Server,Mozilla Firefox 78,No,patrickshaw@lucas-estrada.org,12
1a9c4adf-2868-4727-ac83-f12ad025d6c1,Mobile Device,Java Platform Java 11,No,ubennett@luna.net,3
f3b34d02-c44d-459d-a95a-350e256a5109,Mobile Device,Apple macOS Big Sur,No,alextran@robinson-ramirez.com,1
9c07aa1d-b680-4f0c-88c4-32f83a72d901,Mobile Device,Microsoft SQL Server 2022,Yes,gary80@gray-edwards.biz,17
cb54f2e6-65a4-491c-896d-728850ae9b28,Server,Mozilla Firefox 78,No,qbridges@williams-mack.net,10
5fa185ed-20d4-4838-a925-dc97d6ecbbbf,Laptop,Linux Ubuntu 20.04,No,dwagner@frank.biz,8
b2d7596c-0bf3-401a-b7ac-4259356bb285,Laptop,Apple macOS Monterey,No,brodriguez@riley.biz,4
5aa69886-7524-42c1-bd7f-f0f4887c85df,Server,Adobe Acrobat 2022,Yes,julie69@carroll.org,9
9229b6b7-45e9-414b-95b3-63e33e66331c,Server,Linux Ubuntu 20.04,Yes,thomasharry@davis.net,11
4963b293-6e1e-4f87-9131-5c1fc81af549,Server,VPN Software v1.0,Yes,patricklee@parrish-simmons.com,20
f288e8c3-8628-4495-86a6-c08e91406e73,Server,Adobe Acrobat 2021,Yes,michellechristensen@martinez.com,1
e43849e1-9842-4aec-991d-8d2ce7bd6c6a,Server,VPN Software v2.0,No,turneradrian@rivera-patel.org,8
4c9e32f8-1670-4e0f-a2aa-9adbd3640347,Mobile Device,Cold Fusion 2021,Yes,cynthia25@brooks.biz,8
5907c30f-99f0-4a22-93b6-13b229778d0a,Laptop,Apple macOS Big Sur,Yes,brownjason@brady-martin.com,4
28c0e139-224d-46f9-bcfd-ed1af9a2e1c7,Mobile Device,Adobe Acrobat 2021,No,paul60@munoz.com,5
51171ed0-d932-43ff-87a7-77f032b0d1ec,Server,Adobe Acrobat 2022,No,kyle93@jones-hunter.org,17
f5e6e382-268a-4096-be23-ee814dbb68e9,Laptop,Java Platform Java 8,Yes,omayer@horton.com,14
a12a01d1-01d1-46c4-88e2-73ea9f9cbce9,Server,Apple macOS Big Sur,No,christopher92@brandt-cole.info,4
79b44cf3-b9e5-411e-9921-137fb335ce63,Laptop,Apple iOS 15,Yes,ulutz@jones.com,11
1aed4fda-1d0a-4153-8a71-91bd5d6d0f8d,Server,Apple macOS Monterey,No,robertsonnicole@baker.com,10
8cb4faff-e1ed-4680-b5d4-9a6d8e1fda85,Mobile Device,Apple macOS Big Sur,No,alexandramooney@murray-bishop.org,19
a2da4939-ce5b-42df-8292-5b1e77e490c2,Server,Microsoft Project 2019,No,sandra01@berry.com,9
775fbe51-c38e-4407-9d24-9fbeb9d903ee,Laptop,Mozilla Firefox 78,No,karenle@taylor.org,1
b8a9d15f-21d6-40fc-a015-15d1a929b33f,Server,Microsoft Project 2021,No,hebertmelissa@rosales.com,14
a04950be-46e1-4c83-8046-40006d03e838,Mobile Device,Adobe Acrobat 2021,Yes,jjennings@mills.com,7
de93d76f-df4e-4194-8089-48bc7b003377,Mobile Device,Microsoft Office 365,No,casey87@randolph.com,2
09fc9d0d-faa1-4748-a341-5820487084b8,Mobile Device,Microsoft Windows 11,Yes,kathleenhanson@stevens.com,3
6049a835-6114-46a0-aad1-0274f8a3fe5f,Server,Apple macOS Monterey,No,whitneyphelps@smith.net,10
5b30df9d-1df8-4abc-b5c8-bea31543b5e3,Laptop,Java Platform Java 8,No,shale@mccormick-ortiz.com,9
3413e423-7ae1-4b0e-8389-acd512fbdd36,Server,Microsoft Project 2019,No,mendozacarl@casey.net,5
a574dcb0-a06a-42e1-9014-023b7a47343c,Server,Java Platform Java 11,Yes,robert41@hampton.com,4
d669ae25-5ba7-491e-b8e1-982ab7e0d3c9,Laptop,Microsoft Office 365,No,cynthiamartinez@lucas.com,19
166d81b4-8711-4049-8b80-48d9566376c8,Laptop,Mozilla Firefox 79,Yes,vdavis@dunlap.com,12
09bd242e-cb73-4dfd-a230-f4c4f8aebbb5,Server,Linux Ubuntu 20.04,Yes,nguyensarah@lewis.com,14
d021b4a5-bf35-4db1-911e-beb4250a1d74,Mobile Device,Microsoft Office 365,Yes,petersonchristopher@hughes.com,5
57c93291-8940-42b4-90a8-52c030813a33,Server,Cold Fusion 2021,No,jose44@perry.info,6
03076645-6131-4e6a-a0c3-6168ee7a5ef9,Server,Adobe Acrobat 2022,No,sarah09@williams-burns.org,4
3c6502bf-e08c-4cc1-aef7-55bd42b4fa48,Server,Microsoft SQL Server 2019,Yes,heatherhoward@walton.info,6
c2267522-5bce-488f-8b45-430ffc32a547,Mobile Device,Google Chrome 90,No,kayla12@reed.com,19
e81fa665-942a-4021-98f3-e7724e236c47,Mobile Device,Mozilla Firefox 79,No,sluna@dunlap.com,6
a1f97e91-6d92-4e21-ab60-43ab584de15d,Mobile Device,Microsoft Project 2021,Yes,richardbruce@hodge-frost.com,5
a6965069-a21a-4ce4-ab4a-d80e106e9e08,Laptop,Google Chrome 91,Yes,spencerpaula@vargas-garcia.net,5
53cfa52b-674c-4643-9c02-5122fd04f1ec,Mobile Device,Apple iOS 15,No,millerashley@gutierrez-moore.com,14
d33ab808-b7e4-46cc-9c77-9d921e95fd22,Laptop,Java Platform Java 8,Yes,kathleenvazquez@nelson-nolan.com,6
4d816070-e688-4857-948a-21d944dbcad5,Server,Mozilla Firefox 78,No,scarroll@kramer.net,5
1d18f08f-1ce0-4e7d-a3ac-be5d97392dc3,Laptop,Mozilla Firefox 79,No,millerjohn@richardson.com,13
93951922-bb1f-49b4-9407-e6280c6c272a,Server,Mozilla Firefox 79,Yes,hwallace@harris.org,7
5f24ac8c-12a6-4321-953f-c032df60882a,Server,Microsoft SQL Server 2022,No,rhondavincent@mcdaniel.biz,1
972f7a9b-496b-4726-a9a0-565779646069,Server,Microsoft SQL Server 2022,Yes,sandersheather@bennett-good.org,12
8d2dcb49-1bb3-4f7e-b19f-cb544d682bfc,Laptop,Microsoft Project 2021,Yes,jcampbell@thompson.com,15
7e6dafb5-f47a-4cee-9539-afa47e0740b0,Server,Cold Fusion 2018,Yes,jcoleman@glass.com,2
5c032ce7-6296-4bb3-b729-5c383c5758a9,Laptop,Adobe Acrobat 2022,Yes,craigray@garcia-young.org,13
359bd5e3-3736-48bc-bf60-7e36b45bd9f3,Server,Microsoft Windows 10,No,romeromike@page.com,18
464cb630-6b1c-4a58-8fec-e5c73925792c,Mobile Device,VPN Software v1.0,Yes,floresalicia@buck.info,6
f0603caa-7ca3-44c6-abda-a3fd65b84c67,Mobile Device,Mozilla Firefox 78,Yes,fdiaz@pope.com,16
52d622af-013a-440a-a70e-73b9a5b583cd,Server,Cold Fusion 2021,No,sdavis@macias.com,18
9cbacaed-8421-4849-933f-0f07099003d9,Laptop,Microsoft Project 2019,No,todd58@russell.com,17
4046b03e-df3d-4e10-8374-bace645e38a4,Server,Microsoft Project 2021,Yes,zrussell@rodriguez.info,15
1ad69a58-e76e-45c0-a405-354f388d87f5,Server,Microsoft SQL Server 2022,No,adam90@cabrera-jacobs.info,12
adbe4ad6-c6d1-4dbd-9e17-daedf8576826,Laptop,VPN Software v1.0,No,ldavis@hartman.com,6
77f39a44-37d8-47e3-8a9f-97590bb6d1bd,Mobile Device,VPN Software v1.0,Yes,tracikane@williams.net,14
6e156fa3-713f-451b-b2b7-be243c932f4a,Server,Microsoft Project 2021,No,daniel38@cooper.info,20
58b83996-0576-4d0d-b993-df18f85b6642,Mobile Device,Mozilla Firefox 78,Yes,huntmichael@hill-gonzalez.com,16
17600302-a683-46ad-aede-c3eb04568ccb,Mobile Device,Microsoft SQL Server 2022,Yes,jacksonedward@lee.com,10
6815a4b8-50fc-40d1-856c-fb569f3114b6,Mobile Device,Microsoft Windows 11,Yes,yatestammy@guzman-brown.org,15
b264e233-ebc0-4e6f-9f1c-ee8941f1d17c,Server,Apple iOS 15,No,mirandadennis@mitchell.com,15
6d751bbc-6a1e-43b7-adeb-6896be1a9a3a,Server,Microsoft Office 365,No,gfreeman@dudley-parker.com,14
e705290b-dc07-4bfd-9771-2543cb42ddcb,Server,Mozilla Firefox 78,Yes,michaeljones@haynes.com,12
3fec39f0-fa64-49ec-aae8-ca7de83617cd,Server,Java Platform Java 11,No,brentthompson@brown-gibson.org,4
df896f0f-6477-43a7-a884-7dcd5d1cd40c,Laptop,Cold Fusion 2018,No,james75@smith.com,17
8f22e4a7-6f81-47f1-9e93-4ea440e590ec,Laptop,VPN Software v1.0,Yes,krystal15@blackburn.com,7
9578d703-7ce8-4329-9772-891eef366408,Mobile Device,Cold Fusion 2018,No,ayersnichole@williams.info,17
cbc1a595-051e-4b26-8ae1-1c32a8ac0d25,Server,Adobe Acrobat 2021,No,bartlettjack@thompson.biz,16
62ff4b9e-1091-49be-b3c6-5a187ef81632,Laptop,Microsoft SQL Server 2019,No,ipalmer@nunez.com,7
a8c4759e-43b1-48f3-aa20-4c025bfd23aa,Laptop,Microsoft Project 2021,Yes,vargasrobert@moody-gibbs.biz,9
50ed90e0-87a8-41c1-8b46-d34b0a851250,Server,Microsoft Windows 10,No,richard38@andrews.com,11
e21563b2-563a-4f67-8057-244b190cc0a5,Mobile Device,Microsoft Windows 11,Yes,hendersoncharles@white.com,15
8ffa2ba9-2900-4a0a-bdaa-1a2a420ae2ce,Laptop,Microsoft Office 365,No,laurieelliott@flores-boyd.org,10
5f8ab571-700a-4247-9341-bfb69e8909e4,Mobile Device,Adobe Acrobat 2021,No,parkermichael@torres-noble.com,17
8eacd516-ea9e-405e-a900-eafa8a01bba0,Server,Linux RedHat 8,No,fletcherkristy@garcia.com,12
74451f96-ad3d-4772-9b26-43468c4b995d,Server,Linux Ubuntu 20.04,No,lmiller@dunn.com,7
6b525c85-c6cf-4f07-b59d-765e7ae39e3b,Laptop,Apple iOS 14,Yes,mmueller@greene.com,10
79830a75-c8b7-4970-b166-a7653dc57d6b,Server,Adobe Acrobat 2021,No,crawfordtaylor@hendrix-brown.com,1
a6c98653-bed8-4934-bdce-ff90580cf5fb,Server,Microsoft Windows 10,Yes,kristenreed@jackson.com,18
ba9b34bd-0aef-4152-8ff0-906edc30ca72,Laptop,Linux RedHat 8,Yes,taylorlucas@kim.info,8
78e9b301-4a54-41be-a875-4b420fb0f6d2,Laptop,Apple iOS 14,No,sclark@swanson.com,12
6f53faa4-2e39-4963-a9f5-3f28ceda8028,Server,Adobe Acrobat 2021,No,vbrown@gomez-pham.com,20
1fbaced4-826d-4764-ba4c-a5e1c1b5ea07,Mobile Device,Adobe Acrobat 2022,Yes,carol71@richmond.info,7
36b727c7-60d6-47e4-96c4-2a4cb2f2184b,Mobile Device,Microsoft SQL Server 2022,Yes,fanderson@jackson.org,14
326d136e-df00-47c8-b293-b21b91ee6f40,Mobile Device,VPN Software v2.0,Yes,michelescott@fitzgerald.com,8
d5eef8c3-e0af-4e6e-8dd0-68bf4e89d6bd,Laptop,Mozilla Firefox 79,No,matthew00@spears-turner.info,11
e88bd62b-6189-4354-a4d2-9de79ddba591,Laptop,Microsoft Windows 11,Yes,lauragomez@mejia.com,13
07e81f8c-d9e9-430e-94c6-7007ce2e89f1,Laptop,Java Platform Java 11,No,aflores@allen-hood.com,6
8b8f53ad-9d4d-4b6e-a9c9-74a8e593f3ec,Mobile Device,Cold Fusion 2021,Yes,fieldsbrian@edwards.com,1
331a3236-18fb-4463-926e-1c7501c85698,Mobile Device,Apple macOS Big Sur,No,mreid@bowen.com,2
822f7909-7353-4869-bb3d-fca2c92c19f6,Laptop,Apple iOS 15,Yes,aarongutierrez@lozano.com,12
acfb83d6-bd6d-4709-8927-560e222c5de4,Laptop,Apple macOS Monterey,Yes,ruth59@saunders.net,10
7cdb71de-d53d-441d-8acf-dc7d25abfd03,Server,Google Chrome 90,Yes,frank79@lewis.org,2
50d65130-9546-412f-a2b2-430ee62e8423,Server,Apple macOS Big Sur,Yes,crystal32@pierce-hickman.com,12
3ca46b41-80fd-49a1-ba63-989e667bc778,Mobile Device,Mozilla Firefox 78,No,qdiaz@kaufman.info,4
0126ab5e-fc3f-468a-b77a-a2671fd9ad83,Mobile Device,Java Platform Java 11,No,peterskimberly@hayden.org,15
bbd9ba45-e0ec-4793-9d2d-439a0aa0d686,Server,Microsoft Office 2019,No,bjones@padilla.com,7
cfe6e812-66fa-4a51-8e19-a19315145ece,Server,Google Chrome 91,Yes,frankwilcox@scott.com,5
2f0db7dc-dac2-4da5-a23f-ce4f289f9527,Laptop,Microsoft Office 365,Yes,rabbott@gill-ellis.net,17
da08a6ff-ca91-4256-8ff3-e172c1bdca0a,Server,Microsoft Windows 10,Yes,latoyawhite@snyder.com,16
99564c43-308b-46b2-b43c-29af77ab6ad2,Laptop,Microsoft Project 2019,Yes,lisa38@brown-leblanc.biz,7
f18fcbd1-3ae3-4f83-9055-f7477a25b0ef,Mobile Device,Google Chrome 90,Yes,ashley18@miller-adams.biz,8
696beea9-c2b5-404f-bb90-5ac8f2087fa3,Mobile Device,Google Chrome 91,Yes,kenneth56@cohen.com,10
ba8c0233-6195-49ce-a0fc-10276f2a11a2,Mobile Device,Microsoft SQL Server 2022,Yes,andrevillanueva@lucas-moore.com,6
63f7119a-d1f7-441b-8404-78df90468529,Laptop,Microsoft Office 2019,No,everettchristine@west-griffin.biz,14
084dcf3e-d84d-48fe-9c68-8176df0e6a9d,Server,Google Chrome 91,Yes,amy55@nichols-krueger.com,3
62c96b96-dea0-430c-9eef-05818c727c04,Mobile Device,Apple iOS 14,Yes,rramirez@scott-lopez.info,4
78a862c9-8343-4cd8-81ae-de8920ce9dd1,Mobile Device,VPN Software v1.0,Yes,patrickpatrick@george.com,6
7cd7fec5-7ae4-4fb1-9ead-68ed83fad890,Mobile Device,Microsoft Windows 10,Yes,williamsmatthew@gonzalez-robinson.com,19
45578fbe-5d40-49af-a620-6e94c9732961,Mobile Device,Adobe Acrobat 2022,Yes,xwashington@cuevas-walker.com,18
c550e503-ce8c-409d-aaaa-3e54a345f751,Server,Apple macOS Big Sur,No,zsmith@campbell.biz,9
a09a949e-adf2-4d33-92ca-da8e01116ee9,Mobile Device,Mozilla Firefox 78,No,thompsonkimberly@drake.biz,7
3b04433c-eafe-4564-9a49-0be11b17717d,Mobile Device,Adobe Acrobat 2022,No,albert64@peters.biz,11
17b9d620-e062-44d2-b0df-66fe1139310c,Laptop,Cold Fusion 2021,Yes,khuber@martinez.com,1
39842537-feee-4232-8dda-b31511cc71ac,Mobile Device,Adobe Acrobat 2021,Yes,ksanford@padilla.com,13
1569dae0-2b23-40b1-b690-5cb3dc70ceb0,Server,Apple macOS Monterey,Yes,samuel99@snow.com,5
8c749150-c59f-4942-88f3-fbc39d38c1fa,Mobile Device,VPN Software v2.0,Yes,brookewashington@jones-simmons.org,3
525fe4e8-f587-4db9-982e-5fb0d735c617,Server,Microsoft Project 2019,No,johnny27@wright-armstrong.com,11
7b03bb95-2546-4a4e-9d53-ca0db93c2ba9,Server,Java Platform Java 11,Yes,jordanrodriguez@munoz.net,2
5332ec17-35bd-41a2-8694-3e6daf360160,Laptop,Mozilla Firefox 78,No,linda33@jackson.com,11
f1419faa-a045-4361-ad06-fbb6ebb5dc5d,Mobile Device,Microsoft Office 365,No,schroedergary@baxter-johnson.biz,6
f21b75cf-717a-41b4-baee-7c53f5606563,Mobile Device,Microsoft Windows 11,No,williamsjerry@espinoza.org,15
a9f8460c-438e-4b95-b286-52fcd7b274ee,Laptop,Java Platform Java 11,Yes,peter54@holden.info,5
436f4a8c-a93e-41d0-a54e-392070110a41,Laptop,Microsoft Project 2021,No,wsimmons@solomon.com,15
61c81856-686f-4c50-bcfa-43a771c1f9fa,Server,Apple iOS 14,No,james25@barber-watson.info,10
0962036e-e38d-4d21-8514-4bd28cdc7b3c,Laptop,Mozilla Firefox 79,Yes,cynthia84@flores.com,7
f509e010-e4b3-4d5a-8115-5670feba35d9,Server,Microsoft Office 2019,Yes,mwoods@soto.org,6
74579660-1487-4d81-a074-debfdf2a9f48,Mobile Device,Microsoft Windows 10,No,nancywalker@mitchell.biz,14
3bba59ef-63fc-4fad-9cbb-f458a465b4eb,Mobile Device,VPN Software v1.0,Yes,mccoykimberly@reed.com,18
0fa6e7fa-349d-46c4-8c9b-a804b51d2c5d,Laptop,Apple iOS 15,No,phillip63@porter-parsons.com,5
08c8c9a2-70a0-42e3-90f5-6e4739e9b609,Server,Adobe Acrobat 2021,No,leekaren@baker-johnson.com,8
ae5b7e1b-f295-4677-b56d-c95546c20382,Mobile Device,Microsoft Project 2021,No,cooperchristine@miller.com,9
184ad614-02d3-4162-a800-e4349c3d77c9,Mobile Device,Microsoft Windows 11,No,paula56@aguilar.info,12
66f89921-2d49-4e04-a431-4fffb48d14cb,Laptop,Google Chrome 90,No,jennifermiller@shields-lopez.com,18
e6fac7ef-56ae-4c99-98cd-0ab512422c5d,Laptop,Google Chrome 91,No,david33@clark-diaz.com,2
14ee2656-2822-478b-93cc-0bf1dc6b8115,Server,Microsoft SQL Server 2022,Yes,whiteadam@evans.com,15
35234c1e-e8c2-476a-b036-012ac693a187,Server,Microsoft Office 2019,No,william82@scott.com,15
c70b5a72-135f-44e8-b8bd-bbd403aee563,Server,Microsoft Office 365,Yes,doris82@torres.com,5
6d9e4344-a885-4a12-95fb-dccd9788a2b9,Mobile Device,Adobe Acrobat 2021,Yes,timgarcia@davis-mcgee.com,5
7c4f45a7-c9f1-4a24-b3ac-d6469a7f2b3b,Mobile Device,Java Platform Java 8,Yes,william08@newman-wolfe.com,3
fe3713a8-6599-4133-98d9-d486d0db2b08,Mobile Device,Google Chrome 90,Yes,edwin94@henry-caldwell.net,14
6d634da6-dabd-4b8c-bfa0-df879ae73887,Mobile Device,Linux Ubuntu 20.04,No,shannon94@hunt.com,7
dba18eb0-5ebf-40cc-bb1b-f2a383c6d564,Laptop,Mozilla Firefox 78,No,xli@delgado-roberts.biz,5
a1fe6a67-4d8a-4431-b487-496c0ddf6571,Mobile Device,VPN Software v1.0,Yes,robin06@campbell.com,3
a5fe83a6-3e8a-4754-b907-c9be214349be,Laptop,Apple iOS 15,Yes,joel55@wilkerson.com,5
8285cbdc-f42e-4dab-8542-30d19d8789dd,Server,Microsoft Project 2019,Yes,linda94@robinson.com,1
744a85b3-8f86-44fd-a256-b91ec7ea106c,Mobile Device,Microsoft Office 2019,Yes,kendraherring@perry.org,16
df554ece-4fb8-49d2-8bfd-e97d06d6b9b3,Laptop,Linux RedHat 8,No,stevenwilliams@smith.com,20
c2de60c7-5409-4457-a4a0-3d82c46f3d95,Mobile Device,Microsoft Office 365,Yes,ryanrodriguez@garcia-gordon.com,12
00ab18c0-2391-4fc5-a24d-fef12ad52d90,Server,Linux Ubuntu 20.04,No,kimberly29@tucker.biz,1
6ac8ebd9-d9cd-4133-a57e-0547a29a533e,Mobile Device,Java Platform Java 11,No,ltran@meza.com,14
5d92af1e-dfc1-409a-89ea-fa4cca0659e3,Laptop,Adobe Acrobat 2022,No,sherryscott@jones.com,13
fb7a895b-6642-43a0-b69d-0b61ffb178d6,Laptop,VPN Software v2.0,No,laneamanda@price.net,8
36e790b8-a990-40f0-a39a-7f4ad1880dbf,Laptop,Microsoft Project 2019,No,daryl18@turner-rubio.com,9
f1c718c3-7194-4f6d-8054-cd7d95fb3c25,Mobile Device,Apple macOS Big Sur,Yes,gford@curtis.com,10
23a357f9-9325-4408-a30a-08c1df307110,Laptop,Microsoft SQL Server 2022,Yes,kelly62@howard.com,12
83916404-cb08-4ba7-ad05-0052a4aada04,Laptop,Microsoft SQL Server 2019,No,dillonpeter@hernandez.com,16
dfca7140-166d-4e24-9e62-d6a0f1da3b0b,Laptop,Microsoft Office 365,No,john78@west.com,6
4f83df93-d5c4-4454-a5c5-1190eae95c7c,Mobile Device,VPN Software v2.0,Yes,gallagherveronica@ellis-smith.com,8
508e724d-7890-48c8-8911-b84842f74c72,Mobile Device,Microsoft SQL Server 2022,Yes,emmagrimes@rodgers-murphy.info,8
a07489af-497c-4485-853e-f5cdda020f20,Mobile Device,Java Platform Java 8,No,xaguirre@snyder.com,7
2e71ecb0-b653-4cd3-9056-82ae09327bdf,Mobile Device,Google Chrome 90,No,mcdanielpaul@hall-mathews.com,18
4e49e933-5bde-4142-8d1d-0630ad1ffef0,Server,Google Chrome 91,Yes,jacobsjulie@bean.com,3
d5294193-8cc1-465e-b645-54c0d10361ef,Server,Linux RedHat 8,No,ryan32@smith-smith.net,1
5007a6eb-b098-448b-8d3c-e5998913c840,Server,Google Chrome 91,No,ayoder@jennings-anderson.com,6
6fed4d44-cf84-4400-9f13-c12c48c2ca56,Mobile Device,Adobe Acrobat 2022,No,oford@huerta.com,6
b7646109-dcfe-40d3-885d-b4e1223f7d81,Mobile Device,Google Chrome 90,No,stevenhumphrey@taylor.com,7
